TimeStamp,IntSolIrr
2016-11-16 11:10:01,93
2016-11-16 11:15:01,141
2016-11-16 11:20:01,157
2016-11-16 11:25:01,160
2016-11-16 11:30:01,199
2016-11-16 11:35:01,194
2016-11-16 11:40:01,285
2016-11-16 11:45:01,276
2016-11-16 11:50:01,175
2016-11-16 11:55:01,230
2016-11-16 12:00:01,126
2016-11-16 12:05:01,96
2016-11-16 12:10:01,72
2016-11-16 12:15:01,61
2016-11-16 12:20:01,47
2016-11-16 12:25:01,71
2016-11-16 12:30:01,130
2016-11-16 12:35:01,67
2016-11-16 12:40:01,73
2016-11-16 12:45:01,66
2016-11-16 12:50:01,85
2016-11-16 12:55:01,102
2016-11-16 13:00:01,92
2016-11-16 13:05:01,74
2016-11-16 13:10:01,134
2016-11-16 13:15:01,213
2016-11-16 13:20:01,110
2016-11-16 13:25:01,126
2016-11-16 13:30:01,114
2016-11-16 13:35:01,172
2016-11-16 13:40:01,108
2016-11-16 13:45:01,119
2016-11-16 13:50:01,116
2016-11-16 13:55:01,136
2016-11-16 14:00:01,129
2016-11-16 14:05:01,111
2016-11-16 14:10:01,386
2016-11-16 14:15:01,337
2016-11-16 14:20:01,237
2016-11-16 14:25:01,141
2016-11-16 14:30:01,137
2016-11-16 14:35:01,127
2016-11-16 14:40:01,174
2016-11-16 14:45:01,205
2016-11-16 14:50:01,436
2016-11-16 14:55:01,136
2016-11-16 15:00:01,125
2016-11-16 15:05:01,102
2016-11-16 15:10:01,144
2016-11-16 15:15:01,77
2016-11-16 15:20:01,76
2016-11-16 15:25:01,83
2016-11-16 15:30:01,99
2016-11-16 15:35:01,63
2016-11-16 15:40:01,44
2016-11-16 15:45:01,26
2016-11-16 15:55:01,32
2016-11-16 16:00:01,40
2016-11-16 16:05:01,46
2016-11-16 16:10:01,55
2016-11-16 16:15:01,54
2016-11-16 16:20:01,45
2016-11-16 16:25:01,33
2016-11-16 16:35:01,16
2016-11-17 08:25:01,16
2016-11-17 08:30:01,14
2016-11-17 08:35:01,16
2016-11-17 08:40:01,23
2016-11-17 08:45:01,35
2016-11-17 08:50:01,31
2016-11-17 08:55:01,33
2016-11-17 09:00:01,36
2016-11-17 09:05:01,58
2016-11-17 09:10:01,54
2016-11-17 09:15:01,68
2016-11-17 09:20:01,79
2016-11-17 09:25:01,79
2016-11-17 09:30:01,99
2016-11-17 09:35:01,67
2016-11-17 09:40:01,56
2016-11-17 09:45:01,64
2016-11-17 09:50:01,85
2016-11-17 09:55:01,213
2016-11-17 10:00:01,227
2016-11-17 10:05:01,114
2016-11-17 10:10:01,141
2016-11-17 10:15:01,150
2016-11-17 10:20:01,246
2016-11-17 10:25:01,166
2016-11-17 10:30:01,200
2016-11-17 10:35:01,211
2016-11-17 10:40:01,234
2016-11-17 10:45:01,182
2016-11-17 10:50:01,197
2016-11-17 10:55:01,217
2016-11-17 11:00:01,178
2016-11-17 11:05:01,180
2016-11-17 11:10:01,140
2016-11-17 11:15:01,205
2016-11-17 11:20:01,212
2016-11-17 11:25:01,241
2016-11-17 11:30:01,278
2016-11-17 11:35:01,249
2016-11-17 11:40:01,711
2016-11-17 11:45:01,502
2016-11-17 11:50:01,693
2016-11-17 11:55:01,575
2016-11-17 12:00:01,302
2016-11-17 12:05:01,72
2016-11-17 12:10:01,690
2016-11-17 12:15:01,75
2016-11-17 12:20:01,136
2016-11-17 12:25:01,800
2016-11-17 12:30:01,241
2016-11-17 12:35:01,258
2016-11-17 12:40:01,104
2016-11-17 12:45:01,108
2016-11-17 12:50:01,641
2016-11-17 12:55:01,382
2016-11-17 13:00:01,780
2016-11-17 13:05:01,730
2016-11-17 13:10:01,428
2016-11-17 13:15:01,208
2016-11-17 13:20:01,648
2016-11-17 13:25:01,182
2016-11-17 13:30:01,616
2016-11-17 13:35:01,690
2016-11-17 13:40:01,766
2016-11-17 13:45:01,280
2016-11-17 13:50:01,123
2016-11-17 13:55:01,103
2016-11-17 14:00:01,96
2016-11-17 14:05:01,188
2016-11-17 14:10:01,127
2016-11-17 14:15:01,124
2016-11-17 14:20:01,42
2016-11-17 14:25:01,61
2016-11-17 14:30:01,76
2016-11-17 14:35:01,77
2016-11-17 14:40:01,60
2016-11-17 14:45:01,70
2016-11-17 14:50:01,72
2016-11-17 14:55:01,266
2016-11-17 15:00:01,413
2016-11-17 15:05:01,118
2016-11-17 15:10:01,82
2016-11-17 15:15:01,104
2016-11-17 15:20:01,122
2016-11-17 15:25:01,350
2016-11-17 15:30:01,98
2016-11-17 15:35:01,109
2016-11-17 15:40:01,98
2016-11-17 15:45:01,65
2016-11-17 15:50:01,66
2016-11-17 15:55:01,49
2016-11-17 16:00:01,40
2016-11-17 16:05:01,28
2016-11-17 16:10:01,35
2016-11-17 16:15:01,37
2016-11-17 16:20:01,43
2016-11-17 16:25:01,45
2016-11-17 16:30:01,28
2016-11-18 08:30:01,12
2016-11-18 08:35:01,22
2016-11-18 08:40:01,32
2016-11-18 08:45:01,33
2016-11-18 08:50:01,26
2016-11-18 08:55:01,29
2016-11-18 09:00:02,36
2016-11-18 09:05:01,36
2016-11-18 09:10:01,39
2016-11-18 09:15:01,40
2016-11-18 09:20:01,45
2016-11-18 09:25:01,49
2016-11-18 09:30:01,52
2016-11-18 09:35:01,67
2016-11-18 09:40:01,72
2016-11-18 09:45:01,64
2016-11-18 09:50:01,62
2016-11-18 09:55:01,103
2016-11-18 10:00:01,75
2016-11-18 10:05:01,22
2016-11-18 10:20:01,150
2016-11-18 10:25:01,107
2016-11-18 10:30:01,50
2016-11-18 10:35:01,47
2016-11-18 10:40:01,61
2016-11-18 10:45:01,69
2016-11-18 10:50:01,106
2016-11-18 10:55:01,122
2016-11-18 11:00:01,36
2016-11-18 11:05:01,30
2016-11-18 11:10:01,42
2016-11-18 11:15:01,51
2016-11-18 11:20:01,75
2016-11-18 11:25:01,245
2016-11-18 11:30:01,602
2016-11-18 11:35:01,592
2016-11-18 11:40:01,590
2016-11-18 11:45:01,600
2016-11-18 11:50:01,609
2016-11-18 11:55:01,619
2016-11-18 12:00:01,618
2016-11-18 12:05:01,622
2016-11-18 12:10:01,632
2016-11-18 12:15:01,633
2016-11-18 12:20:01,628
2016-11-18 12:25:01,626
2016-11-18 12:30:01,639
2016-11-18 12:35:01,653
2016-11-18 12:40:01,684
2016-11-18 12:45:01,717
2016-11-18 12:50:01,748
2016-11-18 12:55:01,734
2016-11-18 13:00:01,99
2016-11-18 13:05:01,669
2016-11-18 13:10:01,683
2016-11-18 13:15:01,253
2016-11-18 13:20:01,550
2016-11-18 13:25:01,386
2016-11-18 13:30:01,37
2016-11-18 13:35:01,24
2016-11-18 13:40:01,45
2016-11-18 13:45:01,64
2016-11-18 13:50:01,87
2016-11-18 13:55:01,71
2016-11-18 14:00:01,588
2016-11-18 14:05:01,573
2016-11-18 14:10:01,564
2016-11-18 14:15:01,544
2016-11-18 14:20:01,534
2016-11-18 14:25:01,532
2016-11-18 14:30:01,357
2016-11-18 14:35:01,40
2016-11-18 14:40:01,240
2016-11-18 14:45:01,119
2016-11-18 14:50:01,51
2016-11-18 14:55:01,180
2016-11-18 15:00:01,513
2016-11-18 15:05:01,506
2016-11-18 15:10:01,175
2016-11-18 15:15:01,106
2016-11-18 15:20:01,63
2016-11-18 15:25:01,33
2016-11-18 15:30:01,49
2016-11-18 15:35:01,40
2016-11-18 15:40:01,103
2016-11-18 15:45:01,236
2016-11-18 15:50:01,119
2016-11-18 15:55:01,38
2016-11-18 16:00:01,35
2016-11-18 16:05:01,40
2016-11-18 16:10:01,49
2016-11-18 16:15:01,42
2016-11-18 16:20:01,40
2016-11-18 16:25:01,40
2016-11-18 16:30:01,32
2016-11-18 16:35:01,24
2016-11-18 16:40:01,14
2016-11-19 08:45:01,16
2016-11-19 08:50:01,24
2016-11-19 08:55:01,28
2016-11-19 09:00:01,30
2016-11-19 09:05:01,32
2016-11-19 09:10:01,35
2016-11-19 09:15:01,36
2016-11-19 09:20:01,40
2016-11-19 09:25:01,47
2016-11-19 09:30:01,51
2016-11-19 09:35:01,53
2016-11-19 09:40:01,57
2016-11-19 09:45:01,65
2016-11-19 09:50:01,75
2016-11-19 09:55:01,89
2016-11-19 10:00:01,136
2016-11-19 10:05:01,164
2016-11-19 10:10:01,193
2016-11-19 10:15:01,127
2016-11-19 10:20:01,234
2016-11-19 10:25:01,377
2016-11-19 10:30:01,382
2016-11-19 10:35:01,321
2016-11-19 10:40:01,257
2016-11-19 10:45:01,308
2016-11-19 10:50:01,282
2016-11-19 10:55:01,299
2016-11-19 11:00:01,301
2016-11-19 11:05:01,401
2016-11-19 11:10:01,398
2016-11-19 11:15:01,403
2016-11-19 11:20:01,268
2016-11-19 11:25:01,393
2016-11-19 11:30:01,407
2016-11-19 11:35:01,375
2016-11-19 11:40:01,479
2016-11-19 11:45:01,448
2016-11-19 11:50:01,432
2016-11-19 11:55:01,331
2016-11-19 12:00:01,426
2016-11-19 12:05:01,431
2016-11-19 12:10:01,385
2016-11-19 12:15:01,296
2016-11-19 12:20:01,302
2016-11-19 12:25:01,265
2016-11-19 12:30:01,296
2016-11-19 12:35:01,289
2016-11-19 12:40:01,279
2016-11-19 12:45:01,237
2016-11-19 12:50:01,217
2016-11-19 12:55:01,208
2016-11-19 13:00:01,159
2016-11-19 13:05:01,92
2016-11-19 13:10:01,61
2016-11-19 13:15:01,52
2016-11-19 13:20:01,47
2016-11-19 13:25:01,130
2016-11-19 13:30:01,205
2016-11-19 13:35:01,256
2016-11-19 13:40:01,176
2016-11-19 13:45:01,163
2016-11-19 13:50:01,182
2016-11-19 13:55:01,181
2016-11-19 14:00:01,183
2016-11-19 14:05:01,142
2016-11-19 14:10:01,56
2016-11-19 14:15:01,68
2016-11-19 14:20:01,86
2016-11-19 14:25:01,96
2016-11-19 14:30:01,136
2016-11-19 14:35:01,126
2016-11-19 14:40:01,142
2016-11-19 14:45:01,120
2016-11-19 14:50:01,107
2016-11-19 14:55:01,94
2016-11-19 15:00:01,87
2016-11-19 15:05:01,90
2016-11-19 15:10:01,91
2016-11-19 15:15:01,80
2016-11-19 15:20:01,70
2016-11-19 15:25:01,52
2016-11-19 15:30:01,50
2016-11-19 15:35:01,51
2016-11-19 15:40:01,41
2016-11-19 15:45:01,49
2016-11-19 15:50:01,49
2016-11-19 15:55:01,53
2016-11-19 16:00:01,38
2016-11-19 16:05:01,34
2016-11-19 16:10:01,29
2016-11-19 16:15:01,25
2016-11-19 16:20:01,21
2016-11-19 16:25:01,23
2016-11-19 16:30:01,23
2016-11-19 16:35:01,18
2016-11-19 16:40:01,18
2016-11-20 08:45:01,21
2016-11-20 08:50:01,21
2016-11-20 08:55:01,28
2016-11-20 09:00:01,32
2016-11-20 09:05:01,47
2016-11-20 09:10:01,70
2016-11-20 09:15:01,74
2016-11-20 09:20:01,68
2016-11-20 09:25:01,70
2016-11-20 09:30:01,71
2016-11-20 09:35:01,62
2016-11-20 09:40:01,62
2016-11-20 09:45:01,70
2016-11-20 09:50:01,88
2016-11-20 09:55:01,112
2016-11-20 10:00:01,131
2016-11-20 10:05:01,135
2016-11-20 10:10:01,150
2016-11-20 10:15:01,169
2016-11-20 10:20:01,291
2016-11-20 10:25:01,297
2016-11-20 10:30:01,211
2016-11-20 10:35:01,102
2016-11-20 10:40:01,76
2016-11-20 10:45:01,65
2016-11-20 10:50:01,73
2016-11-20 10:55:01,89
2016-11-20 11:00:01,77
2016-11-20 11:05:01,124
2016-11-20 11:10:01,195
2016-11-20 11:15:01,311
2016-11-20 11:20:01,210
2016-11-20 11:25:01,145
2016-11-20 11:30:01,105
2016-11-20 11:35:01,110
2016-11-20 11:40:01,97
2016-11-20 11:45:01,74
2016-11-20 11:50:01,84
2016-11-20 11:55:01,80
2016-11-20 12:00:01,135
2016-11-20 12:05:01,103
2016-11-20 12:10:01,103
2016-11-20 12:15:01,83
2016-11-20 12:20:01,59
2016-11-20 12:25:01,68
2016-11-20 12:30:01,103
2016-11-20 12:35:01,86
2016-11-20 12:40:01,76
2016-11-20 12:45:01,53
2016-11-20 12:50:01,76
2016-11-20 12:55:01,67
2016-11-20 13:00:01,52
2016-11-20 13:05:01,24
2016-11-20 13:10:01,49
2016-11-20 13:15:01,80
2016-11-20 13:20:02,99
2016-11-20 13:25:01,91
2016-11-20 13:30:01,70
2016-11-20 13:35:01,83
2016-11-20 13:40:01,75
2016-11-20 13:45:01,149
2016-11-20 13:50:01,147
2016-11-20 13:55:01,132
2016-11-20 14:00:01,123
2016-11-20 14:05:01,93
2016-11-20 14:10:01,76
2016-11-20 14:15:01,45
2016-11-20 14:20:01,40
2016-11-20 14:25:01,38
2016-11-20 14:30:01,52
2016-11-20 14:35:01,52
2016-11-20 14:40:01,61
2016-11-20 14:45:01,40
2016-11-20 14:50:01,24
2016-11-20 14:55:01,21
2016-11-20 15:00:01,35
2016-11-20 15:05:01,31
2016-11-20 15:10:01,25
2016-11-20 15:15:01,26
2016-11-20 15:20:01,38
2016-11-20 15:25:01,35
2016-11-20 15:30:01,40
2016-11-20 15:35:01,42
2016-11-20 15:40:01,57
2016-11-20 15:45:01,44
2016-11-20 15:50:01,31
2016-11-20 15:55:01,25
2016-11-20 16:00:01,29
2016-11-20 16:20:01,16
2016-11-21 09:35:01,27
2016-11-21 09:40:01,87
2016-11-21 09:45:01,49
2016-11-21 09:50:01,41
2016-11-21 09:55:01,35
2016-11-21 10:00:01,86
2016-11-21 10:05:01,68
2016-11-21 10:10:01,55
2016-11-21 10:15:01,229
2016-11-21 10:20:01,258
2016-11-21 10:25:01,195
2016-11-21 10:30:01,378
2016-11-21 10:35:01,383
2016-11-21 10:40:01,143
2016-11-21 10:45:01,120
2016-11-21 10:50:01,99
2016-11-21 10:55:01,56
2016-11-21 11:00:01,53
2016-11-21 11:05:01,72
2016-11-21 11:10:01,78
2016-11-21 11:15:01,66
2016-11-21 11:20:01,29
2016-11-21 11:25:01,36
2016-11-21 11:30:01,35
2016-11-21 11:35:01,25
2016-11-21 11:40:01,43
2016-11-21 11:45:01,77
2016-11-21 11:50:01,55
2016-11-21 11:55:01,711
2016-11-21 12:00:01,210
2016-11-21 12:05:01,271
2016-11-21 12:10:01,678
2016-11-21 12:15:01,209
2016-11-21 12:20:01,595
2016-11-21 12:25:01,581
2016-11-21 12:30:01,659
2016-11-21 12:35:01,287
2016-11-21 12:40:01,84
2016-11-21 12:45:01,198
2016-11-21 12:50:01,374
2016-11-21 12:55:01,244
2016-11-21 13:00:01,631
2016-11-21 13:05:01,657
2016-11-21 13:10:01,272
2016-11-21 13:15:01,117
2016-11-21 13:20:01,232
2016-11-21 13:25:01,181
2016-11-21 13:30:01,648
2016-11-21 13:35:01,57
2016-11-21 13:40:01,94
2016-11-21 13:45:01,43
2016-11-21 13:50:01,86
2016-11-21 13:55:01,77
2016-11-21 14:00:01,39
2016-11-21 14:05:01,30
2016-11-21 14:10:01,49
2016-11-21 14:15:01,65
2016-11-21 14:20:01,100
2016-11-21 14:25:01,103
2016-11-21 14:30:01,139
2016-11-21 14:35:01,224
2016-11-21 14:40:02,171
2016-11-21 14:45:01,289
2016-11-21 14:50:01,187
2016-11-21 14:55:01,134
2016-11-21 15:00:01,95
2016-11-21 15:05:01,97
2016-11-21 15:10:01,65
2016-11-21 15:15:01,32
2016-11-21 15:20:01,26
2016-11-21 15:25:01,49
2016-11-21 15:30:01,66
2016-11-21 15:35:01,274
2016-11-21 15:40:01,77
2016-11-21 15:45:01,55
2016-11-21 15:50:01,142
2016-11-21 15:55:01,185
2016-11-21 16:00:01,83
2016-11-21 16:05:01,45
2016-11-21 16:10:01,58
2016-11-21 16:15:01,70
2016-11-21 16:20:01,56
2016-11-21 16:25:01,43
2016-11-21 16:30:01,35
2016-11-21 16:35:01,44
2016-11-21 16:40:01,19
2016-11-21 16:45:01,30
2016-11-22 08:55:01,16
2016-11-22 09:10:01,22
2016-11-22 09:15:01,22
2016-11-22 09:20:01,25
2016-11-22 09:25:01,33
2016-11-22 09:30:01,42
2016-11-22 09:35:01,42
2016-11-22 09:40:01,42
2016-11-22 09:45:01,49
2016-11-22 09:50:01,52
2016-11-22 09:55:01,53
2016-11-22 10:00:01,57
2016-11-22 10:05:01,65
2016-11-22 10:10:01,125
2016-11-22 10:15:01,119
2016-11-22 10:20:01,110
2016-11-22 10:25:01,176
2016-11-22 10:30:01,369
2016-11-22 10:35:01,419
2016-11-22 10:40:01,428
2016-11-22 10:45:01,443
2016-11-22 10:50:01,459
2016-11-22 10:55:01,469
2016-11-22 11:00:01,487
2016-11-22 11:05:01,492
2016-11-22 11:10:01,521
2016-11-22 11:15:01,526
2016-11-22 11:20:01,537
2016-11-22 11:25:01,546
2016-11-22 11:30:01,554
2016-11-22 11:35:01,568
2016-11-22 11:40:01,577
2016-11-22 11:45:01,580
2016-11-22 11:50:01,589
2016-11-22 11:55:01,600
2016-11-22 12:00:01,606
2016-11-22 12:05:01,644
2016-11-22 12:10:01,720
2016-11-22 12:15:01,619
2016-11-22 12:20:01,257
2016-11-22 12:25:01,578
2016-11-22 12:30:01,285
2016-11-22 12:35:01,187
2016-11-22 12:40:01,163
2016-11-22 12:45:01,253
2016-11-22 12:50:01,276
2016-11-22 12:55:01,541
2016-11-22 13:00:01,671
2016-11-22 13:05:01,301
2016-11-22 13:10:01,252
2016-11-22 13:15:01,456
2016-11-22 13:20:01,715
2016-11-22 13:25:01,742
2016-11-22 13:30:01,113
2016-11-22 13:35:01,662
2016-11-22 13:40:01,612
2016-11-22 13:45:01,617
2016-11-22 13:50:01,615
2016-11-22 13:55:01,311
2016-11-22 14:00:01,223
2016-11-22 14:05:01,211
2016-11-22 14:10:01,222
2016-11-22 14:15:01,114
2016-11-22 14:20:01,517
2016-11-22 14:25:01,350
2016-11-22 14:30:01,375
2016-11-22 14:35:01,499
2016-11-22 14:40:01,506
2016-11-22 14:45:01,185
2016-11-22 14:50:01,442
2016-11-22 14:55:01,70
2016-11-22 15:00:01,58
2016-11-22 15:05:01,72
2016-11-22 15:10:01,102
2016-11-22 15:15:01,357
2016-11-22 15:20:01,363
2016-11-22 15:25:01,360
2016-11-22 15:30:01,207
2016-11-22 15:35:01,234
2016-11-22 15:40:01,165
2016-11-22 15:45:01,97
2016-11-22 15:50:01,62
2016-11-22 15:55:01,60
2016-11-22 16:00:01,64
2016-11-22 16:05:01,61
2016-11-22 16:10:01,61
2016-11-22 16:15:01,55
2016-11-22 16:20:01,44
2016-11-22 16:25:01,39
2016-11-22 16:30:01,35
2016-11-22 16:35:01,26
2016-11-22 16:40:01,21
2016-11-22 16:45:01,16
2016-11-22 16:50:01,13
2016-11-23 09:05:01,15
2016-11-23 09:10:02,21
2016-11-23 09:15:01,24
2016-11-23 09:20:01,23
2016-11-23 09:25:01,24
2016-11-23 09:30:01,31
2016-11-23 09:35:01,51
2016-11-23 09:40:01,72
2016-11-23 09:45:01,64
2016-11-23 09:50:01,59
2016-11-23 09:55:01,52
2016-11-23 10:00:01,43
2016-11-23 10:05:02,34
2016-11-23 10:10:01,35
2016-11-23 10:15:01,28
2016-11-23 10:20:01,21
2016-11-23 10:25:01,40
2016-11-23 10:30:01,29
2016-11-23 10:35:01,33
2016-11-23 10:40:01,77
2016-11-23 10:45:01,107
2016-11-23 10:50:01,109
2016-11-23 10:55:01,100
2016-11-23 11:00:01,96
2016-11-23 11:05:01,72
2016-11-23 11:10:01,68
2016-11-23 11:15:01,54
2016-11-23 11:20:01,45
2016-11-23 11:25:01,55
2016-11-23 11:30:01,66
2016-11-23 11:35:01,54
2016-11-23 11:40:01,47
2016-11-23 11:45:01,37
2016-11-23 11:50:01,39
2016-11-23 11:55:01,56
2016-11-23 12:00:01,95
2016-11-23 12:05:01,99
2016-11-23 12:10:01,103
2016-11-23 12:15:01,71
2016-11-23 12:20:01,46
2016-11-23 12:25:01,42
2016-11-23 12:30:01,27
2016-11-23 12:35:01,23
2016-11-23 12:40:01,28
2016-11-23 12:45:01,40
2016-11-23 12:50:01,68
2016-11-23 12:55:01,44
2016-11-23 13:00:01,39
2016-11-23 13:05:01,22
2016-11-23 13:10:01,22
2016-11-23 13:15:01,44
2016-11-23 13:20:01,61
2016-11-23 13:25:01,56
2016-11-23 13:30:01,59
2016-11-23 13:35:01,28
2016-11-23 13:40:01,18
2016-11-23 13:45:01,33
2016-11-23 13:50:01,29
2016-11-23 13:55:01,29
2016-11-23 14:00:01,20
2016-11-23 14:30:01,22
2016-11-24 09:05:01,14
2016-11-24 09:10:01,24
2016-11-24 09:15:01,20
2016-11-24 09:20:01,25
2016-11-24 09:25:01,26
2016-11-24 09:30:01,17
2016-11-24 09:35:01,30
2016-11-24 09:40:01,39
2016-11-24 09:45:01,38
2016-11-24 09:50:01,37
2016-11-24 09:55:01,18
2016-11-24 10:00:01,17
2016-11-24 10:05:01,30
2016-11-24 10:10:01,24
2016-11-24 10:15:01,22
2016-11-24 10:20:01,30
2016-11-24 10:25:01,43
2016-11-24 10:30:01,31
2016-11-24 10:35:01,52
2016-11-24 10:40:01,50
2016-11-24 10:45:01,34
2016-11-24 10:50:01,24
2016-11-24 11:10:01,16
2016-11-24 11:15:01,26
2016-11-24 11:25:01,68
2016-11-24 11:30:01,563
2016-11-24 11:35:01,620
2016-11-24 11:40:01,678
2016-11-24 11:45:01,382
2016-11-24 11:50:01,601
2016-11-24 11:55:01,321
2016-11-24 12:00:01,616
2016-11-24 12:05:01,615
2016-11-24 12:10:01,622
2016-11-24 12:15:01,814
2016-11-24 12:20:01,327
2016-11-24 12:25:01,730
2016-11-24 12:30:01,278
2016-11-24 12:35:01,145
2016-11-24 12:40:01,124
2016-11-24 12:45:01,162
2016-11-24 12:50:01,166
2016-11-24 12:55:01,180
2016-11-24 13:00:01,140
2016-11-24 13:05:01,104
2016-11-24 13:10:01,170
2016-11-24 13:15:01,494
2016-11-24 13:20:01,744
2016-11-24 13:25:01,222
2016-11-24 13:30:01,259
2016-11-24 13:35:01,289
2016-11-24 13:40:01,634
2016-11-24 13:45:01,586
2016-11-24 13:50:01,573
2016-11-24 13:55:01,416
2016-11-24 14:00:01,386
2016-11-24 14:05:01,506
2016-11-24 14:10:01,508
2016-11-24 14:15:01,502
2016-11-24 14:20:01,485
2016-11-24 14:25:01,397
2016-11-24 14:30:01,445
2016-11-24 14:35:01,447
2016-11-24 14:40:01,442
2016-11-24 14:45:01,424
2016-11-24 14:50:01,406
2016-11-24 14:55:01,370
2016-11-24 15:00:01,103
2016-11-24 15:05:01,63
2016-11-24 15:10:01,109
2016-11-24 15:15:01,330
2016-11-24 15:20:01,165
2016-11-24 15:25:01,57
2016-11-24 15:30:01,33
2016-11-24 15:35:01,20
2016-11-24 15:40:01,46
2016-11-24 15:45:01,64
2016-11-24 15:50:01,67
2016-11-24 15:55:01,60
2016-11-24 16:00:01,40
2016-11-24 16:05:01,49
2016-11-24 16:10:01,42
2016-11-24 16:15:01,72
2016-11-24 16:20:01,50
2016-11-24 16:25:01,36
2016-11-24 16:30:01,33
2016-11-24 16:35:01,27
2016-11-24 16:40:01,22
2016-11-24 16:45:01,21
2016-11-24 16:50:01,16
2016-11-25 09:45:01,24
2016-11-25 09:50:01,26
2016-11-25 09:55:01,19
2016-11-25 10:00:01,19
2016-11-25 10:05:01,15
2016-11-25 10:10:01,18
2016-11-25 10:15:01,16
2016-11-25 10:20:01,23
2016-11-25 10:25:01,29
2016-11-25 10:30:01,29
2016-11-25 10:35:01,28
2016-11-25 10:40:01,27
2016-11-25 10:45:01,23
2016-11-25 10:50:01,21
2016-11-25 10:55:01,21
2016-11-25 11:00:01,20
2016-11-25 11:05:01,23
2016-11-25 11:10:01,23
2016-11-25 11:15:01,22
2016-11-25 11:20:01,28
2016-11-25 11:25:01,33
2016-11-25 11:30:01,27
2016-11-25 11:35:01,18
2016-11-25 11:40:01,21
2016-11-25 11:45:01,36
2016-11-25 11:50:01,31
2016-11-25 11:55:01,21
2016-11-25 12:00:01,15
2016-11-25 12:10:01,25
2016-11-25 12:15:01,39
2016-11-25 12:20:01,36
2016-11-25 12:25:01,40
2016-11-25 12:30:01,37
2016-11-25 12:35:01,33
2016-11-25 12:40:01,45
2016-11-25 12:45:01,39
2016-11-25 12:50:01,46
2016-11-25 12:55:01,43
2016-11-25 13:00:01,24
2016-11-25 13:05:01,27
2016-11-25 13:10:01,20
2016-11-25 13:15:01,20
2016-11-25 13:20:01,16
2016-11-25 13:25:01,17
2016-11-25 13:30:01,20
2016-11-25 13:35:01,20
2016-11-25 13:40:01,16
2016-11-25 13:45:01,20
2016-11-25 15:05:01,15
2016-11-25 15:10:01,15
2016-11-25 15:15:01,23
2016-11-25 15:20:01,25
2016-11-25 15:25:01,22
2016-11-25 15:30:01,19
2016-11-25 15:35:01,15
2016-11-25 15:55:01,13
2016-11-25 16:00:01,14
2016-11-25 16:05:01,14
2016-11-26 08:50:01,18
2016-11-26 08:55:01,28
2016-11-26 09:00:01,26
2016-11-26 09:05:01,27
2016-11-26 09:10:01,31
2016-11-26 09:15:01,31
2016-11-26 09:20:01,26
2016-11-26 09:25:01,31
2016-11-26 09:30:01,42
2016-11-26 09:35:01,28
2016-11-26 09:40:01,41
2016-11-26 09:45:01,45
2016-11-26 09:50:01,55
2016-11-26 09:55:01,86
2016-11-26 10:00:01,58
2016-11-26 10:05:01,56
2016-11-26 10:10:01,63
2016-11-26 10:15:01,62
2016-11-26 10:20:01,55
2016-11-26 10:25:01,71
2016-11-26 10:30:01,108
2016-11-26 10:35:01,109
2016-11-26 10:40:01,82
2016-11-26 10:45:01,90
2016-11-26 10:50:01,68
2016-11-26 10:55:01,90
2016-11-26 11:00:01,99
2016-11-26 11:05:01,93
2016-11-26 11:10:01,100
2016-11-26 11:15:01,88
2016-11-26 11:20:01,109
2016-11-26 11:25:01,119
2016-11-26 11:30:01,108
2016-11-26 11:35:01,105
2016-11-26 11:40:01,93
2016-11-26 11:45:01,127
2016-11-26 11:50:01,114
2016-11-26 11:55:01,109
2016-11-26 12:00:01,110
2016-11-26 12:05:01,130
2016-11-26 12:10:01,165
2016-11-26 12:15:01,155
2016-11-26 12:20:01,158
2016-11-26 12:25:01,156
2016-11-26 12:30:01,165
2016-11-26 12:35:01,169
2016-11-26 12:40:01,154
2016-11-26 12:45:01,190
2016-11-26 12:50:01,197
2016-11-26 12:55:01,282
2016-11-26 13:00:01,219
2016-11-26 13:05:01,230
2016-11-26 13:10:01,359
2016-11-26 13:15:01,337
2016-11-26 13:20:01,272
2016-11-26 13:25:01,397
2016-11-26 13:30:01,352
2016-11-26 13:35:01,328
2016-11-26 13:40:01,268
2016-11-26 13:45:01,200
2016-11-26 13:50:01,153
2016-11-26 13:55:01,143
2016-11-26 14:00:01,125
2016-11-26 14:05:01,116
2016-11-26 14:10:01,113
2016-11-26 14:15:01,103
2016-11-26 14:20:01,116
2016-11-26 14:25:01,114
2016-11-26 14:30:01,128
2016-11-26 14:35:01,126
2016-11-26 14:40:01,117
2016-11-26 14:45:01,116
2016-11-26 14:50:01,117
2016-11-26 14:55:01,117
2016-11-26 15:00:01,133
2016-11-26 15:05:01,164
2016-11-26 15:10:01,109
2016-11-26 15:15:01,103
2016-11-26 15:20:01,93
2016-11-26 15:25:01,106
2016-11-26 15:30:01,72
2016-11-26 15:35:01,68
2016-11-26 15:40:01,61
2016-11-26 15:45:01,62
2016-11-26 15:50:01,53
2016-11-26 15:55:01,46
2016-11-26 16:00:01,37
2016-11-26 16:05:02,34
2016-11-26 16:10:01,30
2016-11-26 16:15:01,27
2016-11-26 16:20:01,16
2016-11-27 09:20:01,15
2016-11-27 09:25:01,21
2016-11-27 09:30:01,25
2016-11-27 09:35:01,28
2016-11-27 09:40:01,34
2016-11-27 09:45:01,36
2016-11-27 09:50:01,33
2016-11-27 09:55:01,33
2016-11-27 10:00:01,35
2016-11-27 10:05:01,40
2016-11-27 10:10:01,48
2016-11-27 10:15:01,49
2016-11-27 10:20:01,52
2016-11-27 10:25:01,74
2016-11-27 10:30:01,61
2016-11-27 10:35:01,69
2016-11-27 10:40:01,78
2016-11-27 10:45:01,63
2016-11-27 10:50:01,92
2016-11-27 10:55:01,78
2016-11-27 11:00:01,62
2016-11-27 11:05:01,65
2016-11-27 11:10:01,88
2016-11-27 11:15:01,90
2016-11-27 11:20:01,95
2016-11-27 11:25:01,95
2016-11-27 11:30:01,90
2016-11-27 11:35:01,142
2016-11-27 11:40:01,133
2016-11-27 11:45:01,125
2016-11-27 11:50:01,129
2016-11-27 11:55:01,230
2016-11-27 12:00:01,340
2016-11-27 12:05:01,250
2016-11-27 12:10:01,151
2016-11-27 12:15:01,141
2016-11-27 12:20:01,178
2016-11-27 12:25:01,159
2016-11-27 12:30:01,152
2016-11-27 12:35:01,135
2016-11-27 12:40:01,151
2016-11-27 12:45:01,382
2016-11-27 12:50:01,216
2016-11-27 12:55:01,149
2016-11-27 13:00:01,493
2016-11-27 13:05:01,529
2016-11-27 13:10:01,547
2016-11-27 13:15:01,550
2016-11-27 13:20:01,545
2016-11-27 13:25:01,533
2016-11-27 13:30:01,536
2016-11-27 13:35:01,398
2016-11-27 13:40:01,509
2016-11-27 13:45:01,496
2016-11-27 13:50:01,519
2016-11-27 13:55:01,550
2016-11-27 14:00:01,473
2016-11-27 14:05:01,461
2016-11-27 14:10:01,467
2016-11-27 14:15:01,406
2016-11-27 14:20:01,419
2016-11-27 14:25:01,349
2016-11-27 14:30:01,365
2016-11-27 14:35:01,329
2016-11-27 14:40:01,315
2016-11-27 14:45:01,167
2016-11-27 14:50:01,240
2016-11-27 14:55:01,291
2016-11-27 15:00:01,185
2016-11-27 15:05:01,290
2016-11-27 15:10:01,274
2016-11-27 15:15:01,255
2016-11-27 15:20:01,122
2016-11-27 15:25:01,103
2016-11-27 15:30:01,228
2016-11-27 15:35:01,146
2016-11-27 15:40:01,196
2016-11-27 15:45:01,190
2016-11-27 15:50:01,156
2016-11-27 15:55:01,113
2016-11-27 16:00:01,98
2016-11-27 16:05:01,74
2016-11-27 16:10:01,68
2016-11-27 16:15:01,77
2016-11-27 16:20:01,51
2016-11-27 16:25:01,44
2016-11-27 16:30:01,40
2016-11-27 16:35:01,33
2016-11-27 16:40:01,27
2016-11-27 16:45:01,22
2016-11-27 16:50:01,18
2016-11-28 08:45:01,14
2016-11-28 08:50:01,15
2016-11-28 08:55:01,16
2016-11-28 09:00:01,19
2016-11-28 09:05:01,19
2016-11-28 09:10:01,24
2016-11-28 09:15:01,29
2016-11-28 09:20:01,34
2016-11-28 09:25:01,29
2016-11-28 09:30:01,30
2016-11-28 09:35:01,31
2016-11-28 09:40:01,39
2016-11-28 09:45:01,37
2016-11-28 09:50:01,40
2016-11-28 09:55:01,44
2016-11-28 10:00:01,48
2016-11-28 10:05:01,35
2016-11-28 10:10:01,39
2016-11-28 10:15:01,45
2016-11-28 10:20:01,86
2016-11-28 10:25:01,271
2016-11-28 10:30:01,354
2016-11-28 10:35:01,226
2016-11-28 10:40:01,396
2016-11-28 10:45:01,406
2016-11-28 10:50:01,418
2016-11-28 10:55:01,433
2016-11-28 11:00:01,446
2016-11-28 11:05:01,457
2016-11-28 11:10:01,473
2016-11-28 11:15:01,475
2016-11-28 11:20:01,501
2016-11-28 11:25:01,504
2016-11-28 11:30:01,505
2016-11-28 11:35:01,521
2016-11-28 11:40:01,524
2016-11-28 11:45:01,543
2016-11-28 11:50:01,548
2016-11-28 11:55:01,543
2016-11-28 12:00:01,556
2016-11-28 12:05:01,551
2016-11-28 12:10:01,559
2016-11-28 12:15:01,562
2016-11-28 12:20:01,566
2016-11-28 12:25:01,563
2016-11-28 12:30:01,574
2016-11-28 12:35:01,576
2016-11-28 12:40:01,590
2016-11-28 12:45:01,589
2016-11-28 12:50:01,592
2016-11-28 12:55:01,572
2016-11-28 13:00:01,585
2016-11-28 13:05:01,589
2016-11-28 13:10:01,584
2016-11-28 13:15:01,587
2016-11-28 13:20:01,581
2016-11-28 13:25:01,574
2016-11-28 13:30:01,566
2016-11-28 13:35:01,561
2016-11-28 13:40:01,554
2016-11-28 13:45:01,550
2016-11-28 13:50:01,551
2016-11-28 13:55:01,543
2016-11-28 14:00:01,532
2016-11-28 14:05:01,528
2016-11-28 14:10:01,519
2016-11-28 14:15:01,507
2016-11-28 14:20:01,498
2016-11-28 14:25:01,486
2016-11-28 14:30:01,476
2016-11-28 14:35:01,463
2016-11-28 14:40:02,450
2016-11-28 14:45:01,437
2016-11-28 14:50:01,421
2016-11-28 14:55:01,407
2016-11-28 15:00:01,391
2016-11-28 15:05:01,376
2016-11-28 15:10:01,360
2016-11-28 15:15:01,341
2016-11-28 15:20:01,326
2016-11-28 15:25:01,308
2016-11-28 15:30:01,289
2016-11-28 15:35:01,270
2016-11-28 15:40:01,253
2016-11-28 15:45:01,234
2016-11-28 15:50:01,216
2016-11-28 15:55:01,119
2016-11-28 16:00:01,93
2016-11-28 16:05:01,44
2016-11-28 16:10:01,38
2016-11-28 16:15:01,79
2016-11-28 16:20:01,24
2016-11-28 16:25:01,21
2016-11-28 16:30:01,20
2016-11-29 08:55:01,16
2016-11-29 09:00:02,19
2016-11-29 09:05:01,21
2016-11-29 09:10:01,24
2016-11-29 09:15:01,26
2016-11-29 09:20:01,29
2016-11-29 09:25:01,31
2016-11-29 09:30:01,33
2016-11-29 09:35:01,35
2016-11-29 09:40:01,37
2016-11-29 09:45:01,39
2016-11-29 09:50:01,40
2016-11-29 09:55:01,42
2016-11-29 10:00:01,44
2016-11-29 10:05:01,45
2016-11-29 10:10:01,47
2016-11-29 10:15:01,53
2016-11-29 10:20:01,192
2016-11-29 10:25:01,339
2016-11-29 10:30:01,355
2016-11-29 10:35:01,371
2016-11-29 10:40:01,389
2016-11-29 10:45:01,402
2016-11-29 10:50:01,412
2016-11-29 10:55:01,428
2016-11-29 11:00:01,440
2016-11-29 11:05:01,453
2016-11-29 11:10:01,463
2016-11-29 11:15:01,480
2016-11-29 11:20:01,490
2016-11-29 11:25:01,498
2016-11-29 11:30:01,509
2016-11-29 11:35:01,517
2016-11-29 11:40:01,524
2016-11-29 11:45:01,529
2016-11-29 11:50:01,539
2016-11-29 11:55:01,544
2016-11-29 12:00:01,551
2016-11-29 12:05:01,556
2016-11-29 12:10:01,559
2016-11-29 12:15:01,564
2016-11-29 12:20:01,570
2016-11-29 12:25:01,573
2016-11-29 12:30:01,576
2016-11-29 12:35:01,575
2016-11-29 12:40:01,575
2016-11-29 12:45:01,576
2016-11-29 12:50:01,575
2016-11-29 12:55:01,576
2016-11-29 13:00:01,574
2016-11-29 13:05:01,569
2016-11-29 13:10:01,567
2016-11-29 13:15:01,566
2016-11-29 13:20:01,562
2016-11-29 13:25:01,559
2016-11-29 13:30:01,551
2016-11-29 13:35:01,543
2016-11-29 13:40:01,533
2016-11-29 13:45:01,527
2016-11-29 13:50:01,524
2016-11-29 13:55:01,512
2016-11-29 14:00:01,508
2016-11-29 14:05:01,496
2016-11-29 14:10:01,479
2016-11-29 14:15:01,469
2016-11-29 14:20:01,457
2016-11-29 14:25:01,441
2016-11-29 14:30:01,432
2016-11-29 14:35:01,420
2016-11-29 14:40:01,406
2016-11-29 14:45:01,394
2016-11-29 14:50:01,382
2016-11-29 14:55:01,367
2016-11-29 15:00:01,346
2016-11-29 15:05:01,329
2016-11-29 15:10:01,306
2016-11-29 15:15:01,288
2016-11-29 15:20:01,271
2016-11-29 15:25:01,252
2016-11-29 15:30:01,235
2016-11-29 15:35:01,212
2016-11-29 15:40:01,198
2016-11-29 15:45:01,174
2016-11-29 15:50:01,82
2016-11-29 15:55:01,64
2016-11-29 16:00:01,61
2016-11-29 16:05:01,67
2016-11-29 16:10:01,47
2016-11-29 16:15:01,58
2016-11-29 16:20:01,37
2016-11-29 16:25:01,33
2016-11-29 16:30:01,29
2016-11-29 16:35:01,25
2016-11-29 16:40:01,20
2016-11-30 09:15:01,16
2016-11-30 09:20:01,19
2016-11-30 09:25:01,20
2016-11-30 09:30:01,19
2016-11-30 09:35:01,27
2016-11-30 09:40:01,31
2016-11-30 09:45:01,35
2016-11-30 09:50:01,44
2016-11-30 09:55:01,46
2016-11-30 10:00:01,39
2016-11-30 10:05:01,49
2016-11-30 10:10:01,60
2016-11-30 10:15:01,67
2016-11-30 10:20:01,61
2016-11-30 10:25:01,77
2016-11-30 10:30:01,82
2016-11-30 10:35:01,100
2016-11-30 10:40:01,133
2016-11-30 10:45:01,156
2016-11-30 10:50:01,166
2016-11-30 10:55:01,308
2016-11-30 11:00:01,428
2016-11-30 11:05:01,137
2016-11-30 11:10:01,512
2016-11-30 11:15:01,490
2016-11-30 11:20:01,460
2016-11-30 11:25:01,468
2016-11-30 11:30:01,481
2016-11-30 11:35:01,483
2016-11-30 11:40:02,495
2016-11-30 11:45:01,504
2016-11-30 11:50:01,507
2016-11-30 11:55:01,515
2016-11-30 12:00:01,519
2016-11-30 12:05:01,531
2016-11-30 12:10:01,539
2016-11-30 12:15:01,538
2016-11-30 12:20:01,543
2016-11-30 12:25:01,549
2016-11-30 12:30:01,547
2016-11-30 12:35:01,551
2016-11-30 12:40:01,551
2016-11-30 12:45:01,551
2016-11-30 12:50:01,552
2016-11-30 12:55:01,558
2016-11-30 13:00:01,553
2016-11-30 13:05:01,549
2016-11-30 13:10:01,554
2016-11-30 13:15:01,548
2016-11-30 13:20:01,548
2016-11-30 13:25:01,543
2016-11-30 13:30:01,534
2016-11-30 13:35:01,529
2016-11-30 13:40:01,526
2016-11-30 13:45:01,517
2016-11-30 13:50:01,506
2016-11-30 13:55:01,500
2016-11-30 14:00:01,491
2016-11-30 14:05:01,486
2016-11-30 14:10:01,474
2016-11-30 14:15:01,469
2016-11-30 14:20:01,456
2016-11-30 14:25:01,443
2016-11-30 14:30:01,432
2016-11-30 14:35:01,415
2016-11-30 14:40:01,397
2016-11-30 14:45:01,388
2016-11-30 14:50:01,376
2016-11-30 14:55:01,361
2016-11-30 15:00:01,343
2016-11-30 15:05:01,329
2016-11-30 15:10:01,313
2016-11-30 15:15:01,292
2016-11-30 15:20:01,276
2016-11-30 15:25:01,258
2016-11-30 15:30:01,240
2016-11-30 15:35:01,228
2016-11-30 15:40:01,212
2016-11-30 15:45:01,193
2016-11-30 15:50:01,172
2016-11-30 15:55:01,102
2016-11-30 16:00:01,83
2016-11-30 16:05:01,66
2016-11-30 16:10:01,43
2016-11-30 16:15:01,67
2016-11-30 16:20:01,33
2016-11-30 16:25:01,29
2016-11-30 16:30:01,26
2016-11-30 16:35:01,22
2016-11-30 16:40:01,19
2016-12-01 08:55:01,14
2016-12-01 09:00:01,16
2016-12-01 09:05:01,18
2016-12-01 09:10:01,20
2016-12-01 09:15:01,22
2016-12-01 09:20:01,24
2016-12-01 09:25:01,25
2016-12-01 09:30:01,27
2016-12-01 09:35:01,28
2016-12-01 09:40:01,30
2016-12-01 09:45:01,31
2016-12-01 09:50:01,31
2016-12-01 09:55:01,33
2016-12-01 10:00:01,34
2016-12-01 10:05:01,35
2016-12-01 10:10:01,36
2016-12-01 10:15:01,43
2016-12-01 10:20:01,91
2016-12-01 10:25:01,309
2016-12-01 10:30:01,355
2016-12-01 10:35:01,373
2016-12-01 10:40:01,383
2016-12-01 10:45:01,398
2016-12-01 10:50:01,415
2016-12-01 10:55:01,429
2016-12-01 11:00:01,443
2016-12-01 11:05:01,456
2016-12-01 11:10:01,467
2016-12-01 11:15:01,480
2016-12-01 11:20:01,491
2016-12-01 11:25:01,500
2016-12-01 11:30:01,514
2016-12-01 11:35:01,527
2016-12-01 11:40:01,533
2016-12-01 11:45:01,540
2016-12-01 11:50:01,548
2016-12-01 11:55:01,551
2016-12-01 12:00:01,558
2016-12-01 12:05:01,561
2016-12-01 12:10:01,569
2016-12-01 12:15:01,570
2016-12-01 12:20:01,579
2016-12-01 12:25:01,580
2016-12-01 12:30:01,585
2016-12-01 12:35:01,585
2016-12-01 12:40:01,583
2016-12-01 12:45:01,584
2016-12-01 12:50:01,581
2016-12-01 12:55:01,573
2016-12-01 13:00:02,580
2016-12-01 13:05:01,577
2016-12-01 13:10:01,572
2016-12-01 13:15:01,567
2016-12-01 13:20:01,560
2016-12-01 13:25:01,558
2016-12-01 13:30:01,550
2016-12-01 13:35:01,554
2016-12-01 13:40:01,545
2016-12-01 13:45:01,536
2016-12-01 13:50:01,528
2016-12-01 13:55:01,520
2016-12-01 14:00:01,515
2016-12-01 14:05:01,510
2016-12-01 14:10:01,500
2016-12-01 14:15:01,486
2016-12-01 14:25:01,465
2016-12-01 14:30:01,455
2016-12-01 14:35:01,438
2016-12-01 14:40:01,422
2016-12-01 14:45:01,409
2016-12-01 14:50:01,395
2016-12-01 14:55:01,380
2016-12-01 15:00:01,370
2016-12-01 15:05:01,354
2016-12-01 15:10:01,337
2016-12-01 15:15:01,321
2016-12-01 15:20:01,306
2016-12-01 15:25:01,285
2016-12-01 15:30:01,266
2016-12-01 15:35:01,251
2016-12-01 15:40:01,235
2016-12-01 15:45:01,217
2016-12-01 15:50:01,198
2016-12-01 15:55:01,116
2016-12-01 16:00:01,94
2016-12-01 16:05:01,77
2016-12-01 16:10:01,40
2016-12-01 16:15:01,68
2016-12-01 16:20:01,30
2016-12-01 16:25:01,24
2016-12-01 16:30:01,22
2016-12-02 09:20:01,15
2016-12-02 09:25:01,22
2016-12-02 09:30:01,19
2016-12-02 09:35:01,20
2016-12-02 09:40:01,23
2016-12-02 09:45:01,25
2016-12-02 09:50:01,26
2016-12-02 09:55:01,26
2016-12-02 10:00:01,27
2016-12-02 10:05:01,30
2016-12-02 10:10:01,38
2016-12-02 10:15:01,32
2016-12-02 10:20:01,37
2016-12-02 10:25:01,38
2016-12-02 10:30:01,45
2016-12-02 10:35:01,44
2016-12-02 10:40:01,46
2016-12-02 10:45:01,52
2016-12-02 10:50:01,59
2016-12-02 10:55:01,60
2016-12-02 11:00:01,72
2016-12-02 11:05:01,73
2016-12-02 11:10:01,90
2016-12-02 11:15:01,66
2016-12-02 11:25:01,75
2016-12-02 11:30:01,68
2016-12-02 11:35:01,72
2016-12-02 11:40:01,54
2016-12-02 11:45:01,55
2016-12-02 11:50:01,63
2016-12-02 11:55:01,71
2016-12-02 12:00:01,60
2016-12-02 12:05:01,61
2016-12-02 12:10:01,65
2016-12-02 12:15:01,70
2016-12-02 12:20:01,67
2016-12-02 12:25:01,71
2016-12-02 12:30:01,78
2016-12-02 12:35:01,84
2016-12-02 12:40:01,91
2016-12-02 12:45:02,93
2016-12-02 12:50:01,87
2016-12-02 12:55:01,103
2016-12-02 13:00:01,81
2016-12-02 13:05:01,77
2016-12-02 13:10:01,78
2016-12-02 13:15:01,79
2016-12-02 13:20:01,78
2016-12-02 13:25:01,71
2016-12-02 13:30:01,78
2016-12-02 13:35:01,82
2016-12-02 13:40:01,83
2016-12-02 13:45:01,92
2016-12-02 13:50:01,96
2016-12-02 13:55:01,98
2016-12-02 14:00:01,92
2016-12-02 14:05:01,98
2016-12-02 14:10:01,126
2016-12-02 14:15:01,135
2016-12-02 14:20:01,191
2016-12-02 14:25:01,129
2016-12-02 14:30:01,206
2016-12-02 14:35:01,302
2016-12-02 14:40:01,192
2016-12-02 14:45:01,224
2016-12-02 14:50:01,142
2016-12-02 14:55:01,183
2016-12-02 15:00:01,115
2016-12-02 15:05:01,135
2016-12-02 15:10:01,186
2016-12-02 15:15:01,237
2016-12-02 15:20:01,205
2016-12-02 15:25:01,188
2016-12-02 15:30:01,178
2016-12-02 15:35:01,182
2016-12-02 15:40:01,166
2016-12-02 15:45:01,119
2016-12-02 15:50:01,126
2016-12-02 15:55:01,102
2016-12-02 16:00:02,82
2016-12-02 16:05:01,71
2016-12-02 16:10:01,54
2016-12-02 16:15:01,53
2016-12-02 16:20:01,42
2016-12-02 16:25:01,35
2016-12-02 16:30:01,30
2016-12-02 16:35:01,25
2016-12-02 16:40:01,20
2016-12-02 16:45:01,15
2016-12-03 09:30:01,15
2016-12-03 09:35:01,15
2016-12-03 09:40:01,18
2016-12-03 09:45:01,17
2016-12-03 09:50:01,22
2016-12-03 09:55:01,22
2016-12-03 10:00:01,28
2016-12-03 10:05:01,32
2016-12-03 10:10:01,36
2016-12-03 10:15:01,44
2016-12-03 10:20:01,44
2016-12-03 10:25:01,48
2016-12-03 10:30:01,56
2016-12-03 10:35:01,50
2016-12-03 10:40:01,62
2016-12-03 10:45:01,56
2016-12-03 10:50:01,57
2016-12-03 10:55:01,61
2016-12-03 11:00:01,65
2016-12-03 11:05:01,57
2016-12-03 11:10:01,69
2016-12-03 11:15:01,83
2016-12-03 11:20:01,69
2016-12-03 11:25:01,64
2016-12-03 11:30:01,74
2016-12-03 11:35:01,75
2016-12-03 11:40:01,98
2016-12-03 11:45:01,77
2016-12-03 11:50:01,77
2016-12-03 11:55:01,78
2016-12-03 12:00:01,72
2016-12-03 12:05:01,66
2016-12-03 12:10:01,95
2016-12-03 12:15:01,85
2016-12-03 12:20:01,88
2016-12-03 12:25:01,92
2016-12-03 12:30:01,89
2016-12-03 12:35:01,98
2016-12-03 12:40:01,82
2016-12-03 12:45:01,94
2016-12-03 12:50:01,99
2016-12-03 12:55:01,112
2016-12-03 13:00:01,130
2016-12-03 13:05:01,164
2016-12-03 13:10:01,167
2016-12-03 13:15:01,230
2016-12-03 13:20:01,207
2016-12-03 13:25:01,224
2016-12-03 13:30:01,218
2016-12-03 13:35:01,227
2016-12-03 13:40:01,187
2016-12-03 13:45:01,177
2016-12-03 13:50:01,381
2016-12-03 13:55:01,253
2016-12-03 14:00:01,459
2016-12-03 14:05:01,454
2016-12-03 14:10:01,472
2016-12-03 14:15:01,418
2016-12-03 14:20:01,463
2016-12-03 14:25:01,416
2016-12-03 14:30:01,335
2016-12-03 14:35:01,130
2016-12-03 14:40:01,161
2016-12-03 14:45:01,163
2016-12-03 14:50:01,130
2016-12-03 14:55:01,325
2016-12-03 15:00:01,311
2016-12-03 15:05:01,305
2016-12-03 15:10:01,274
2016-12-03 15:15:01,270
2016-12-03 15:20:01,261
2016-12-03 15:25:01,252
2016-12-03 15:30:01,235
2016-12-03 15:35:01,218
2016-12-03 15:40:01,202
2016-12-03 15:45:01,188
2016-12-03 15:50:01,172
2016-12-03 15:55:01,114
2016-12-03 16:00:01,84
2016-12-03 16:05:01,78
2016-12-03 16:10:01,51
2016-12-03 16:15:01,45
2016-12-03 16:20:01,39
2016-12-03 16:25:01,30
2016-12-03 16:30:01,26
2016-12-03 16:35:01,22
2016-12-03 16:40:01,19
2016-12-04 09:05:01,14
2016-12-04 09:10:01,15
2016-12-04 09:15:01,17
2016-12-04 09:20:01,26
2016-12-04 09:25:01,25
2016-12-04 09:30:01,39
2016-12-04 09:35:01,44
2016-12-04 09:40:01,48
2016-12-04 09:45:01,44
2016-12-04 09:50:01,46
2016-12-04 09:55:01,40
2016-12-04 10:00:01,49
2016-12-04 10:05:01,64
2016-12-04 10:10:01,62
2016-12-04 10:15:01,66
2016-12-04 10:20:01,74
2016-12-04 10:25:01,82
2016-12-04 10:30:01,110
2016-12-04 10:35:01,127
2016-12-04 10:40:01,161
2016-12-04 10:45:01,286
2016-12-04 10:50:01,406
2016-12-04 10:55:01,275
2016-12-04 11:00:01,279
2016-12-04 11:05:01,376
2016-12-04 11:10:01,404
2016-12-04 11:15:01,434
2016-12-04 11:20:01,429
2016-12-04 11:25:01,434
2016-12-04 11:30:01,428
2016-12-04 11:35:01,409
2016-12-04 11:40:01,447
2016-12-04 11:45:01,401
2016-12-04 11:50:01,443
2016-12-04 11:55:01,428
2016-12-04 12:00:01,463
2016-12-04 12:05:01,462
2016-12-04 12:10:01,493
2016-12-04 12:15:01,507
2016-12-04 12:20:01,528
2016-12-04 12:25:01,503
2016-12-04 12:30:01,527
2016-12-04 12:35:01,528
2016-12-04 12:40:01,527
2016-12-04 12:45:01,511
2016-12-04 12:50:01,522
2016-12-04 12:55:01,517
2016-12-04 13:00:01,520
2016-12-04 13:05:01,507
2016-12-04 13:10:01,485
2016-12-04 13:15:01,477
2016-12-04 13:20:01,481
2016-12-04 13:25:01,461
2016-12-04 13:30:01,404
2016-12-04 13:35:01,427
2016-12-04 13:40:01,458
2016-12-04 13:45:01,445
2016-12-04 13:50:01,470
2016-12-04 13:55:01,442
2016-12-04 14:00:01,457
2016-12-04 14:05:01,437
2016-12-04 14:10:01,414
2016-12-04 14:15:01,364
2016-12-04 14:20:01,374
2016-12-04 14:25:01,361
2016-12-04 14:30:01,354
2016-12-04 14:35:01,355
2016-12-04 14:40:01,334
2016-12-04 14:45:01,299
2016-12-04 14:50:01,334
2016-12-04 14:55:01,298
2016-12-04 15:00:01,267
2016-12-04 15:05:01,276
2016-12-04 15:10:01,256
2016-12-04 15:15:01,237
2016-12-04 15:20:01,223
2016-12-04 15:25:01,172
2016-12-04 15:30:01,198
2016-12-04 15:35:01,185
2016-12-04 15:40:01,182
2016-12-04 15:45:01,167
2016-12-04 15:50:01,156
2016-12-04 15:55:01,113
2016-12-04 16:00:01,84
2016-12-04 16:05:01,67
2016-12-04 16:10:01,55
2016-12-04 16:15:01,45
2016-12-04 16:20:01,42
2016-12-04 16:25:01,29
2016-12-04 16:30:01,25
2016-12-04 16:35:01,18
2016-12-05 09:00:01,19
2016-12-05 09:05:01,20
2016-12-05 09:10:01,15
2016-12-05 09:15:01,17
2016-12-05 09:20:01,21
2016-12-05 09:25:01,29
2016-12-05 09:30:01,37
2016-12-05 09:35:01,46
2016-12-05 09:40:01,52
2016-12-05 09:45:01,56
2016-12-05 09:50:01,63
2016-12-05 09:55:01,70
2016-12-05 10:00:01,85
2016-12-05 10:05:01,87
2016-12-05 10:10:01,81
2016-12-05 10:15:01,79
2016-12-05 10:20:01,78
2016-12-05 10:25:01,84
2016-12-05 10:30:01,96
2016-12-05 10:35:01,117
2016-12-05 10:40:01,127
2016-12-05 10:45:01,184
2016-12-05 10:50:01,129
2016-12-05 10:55:01,145
2016-12-05 11:00:01,140
2016-12-05 11:05:01,153
2016-12-05 11:10:01,159
2016-12-05 11:15:01,153
2016-12-05 11:20:01,134
2016-12-05 11:25:01,119
2016-12-05 11:30:01,113
2016-12-05 11:35:01,120
2016-12-05 11:40:01,123
2016-12-05 11:45:01,119
2016-12-05 11:50:01,111
2016-12-05 11:55:01,111
2016-12-05 12:00:01,118
2016-12-05 12:05:01,130
2016-12-05 12:10:01,143
2016-12-05 12:15:01,142
2016-12-05 12:20:01,131
2016-12-05 12:25:01,118
2016-12-05 12:30:01,121
2016-12-05 12:35:01,143
2016-12-05 12:40:01,164
2016-12-05 12:45:01,205
2016-12-05 12:50:01,208
2016-12-05 12:55:01,204
2016-12-05 13:00:01,180
2016-12-05 13:05:01,161
2016-12-05 13:10:01,141
2016-12-05 13:15:01,145
2016-12-05 13:20:01,146
2016-12-05 13:25:01,178
2016-12-05 13:30:01,201
2016-12-05 13:35:01,203
2016-12-05 13:40:01,201
2016-12-05 13:45:01,213
2016-12-05 13:50:01,234
2016-12-05 13:55:01,233
2016-12-05 14:00:01,377
2016-12-05 14:05:01,371
2016-12-05 14:15:01,198
2016-12-05 14:20:01,143
2016-12-05 14:25:01,250
2016-12-05 14:30:01,522
2016-12-05 14:40:01,345
2016-12-05 14:45:01,460
2016-12-05 14:50:01,123
2016-12-05 14:55:01,142
2016-12-05 15:00:01,149
2016-12-05 15:05:01,156
2016-12-05 15:10:01,163
2016-12-05 15:15:01,148
2016-12-05 15:20:01,134
2016-12-05 15:25:01,131
2016-12-05 15:30:01,118
2016-12-05 15:35:01,107
2016-12-05 15:40:01,101
2016-12-05 15:45:01,89
2016-12-05 15:50:01,69
2016-12-05 15:55:01,47
2016-12-05 16:00:01,35
2016-12-05 16:05:01,30
2016-12-05 16:10:01,28
2016-12-05 16:15:01,27
2016-12-05 16:20:01,25
2016-12-05 16:25:01,20
2016-12-05 16:30:01,18
2016-12-06 08:45:01,15
2016-12-06 08:50:01,19
2016-12-06 08:55:01,23
2016-12-06 09:00:01,28
2016-12-06 09:05:01,30
2016-12-06 09:10:01,31
2016-12-06 09:15:01,34
2016-12-06 09:20:01,38
2016-12-06 09:25:01,39
2016-12-06 09:30:01,41
2016-12-06 09:35:01,45
2016-12-06 09:40:01,48
2016-12-06 09:45:01,50
2016-12-06 09:50:01,55
2016-12-06 09:55:01,58
2016-12-06 10:00:01,61
2016-12-06 10:05:01,64
2016-12-06 10:10:01,74
2016-12-06 10:15:01,76
2016-12-06 10:20:01,82
2016-12-06 10:25:01,247
2016-12-06 10:30:01,270
2016-12-06 10:35:01,287
2016-12-06 10:40:01,334
2016-12-06 10:45:01,334
2016-12-06 10:50:01,302
2016-12-06 10:55:01,316
2016-12-06 11:00:01,381
2016-12-06 11:05:01,342
2016-12-06 11:10:01,376
2016-12-06 11:15:01,384
2016-12-06 11:20:01,330
2016-12-06 11:25:01,453
2016-12-06 11:30:01,445
2016-12-06 11:35:01,480
2016-12-06 11:40:01,486
2016-12-06 11:45:01,504
2016-12-06 11:50:01,466
2016-12-06 11:55:01,479
2016-12-06 12:00:01,570
2016-12-06 12:05:01,583
2016-12-06 12:10:01,504
2016-12-06 12:15:01,403
2016-12-06 12:20:01,350
2016-12-06 12:25:01,401
2016-12-06 12:30:01,449
2016-12-06 12:35:01,499
2016-12-06 12:40:01,433
2016-12-06 12:45:01,435
2016-12-06 12:50:01,547
2016-12-06 12:55:01,467
2016-12-06 13:00:01,397
2016-12-06 13:05:01,545
2016-12-06 13:10:01,564
2016-12-06 13:15:01,520
2016-12-06 13:20:01,253
2016-12-06 13:25:01,299
2016-12-06 13:30:01,213
2016-12-06 13:35:01,164
2016-12-06 13:40:01,152
2016-12-06 13:45:01,144
2016-12-06 13:50:01,161
2016-12-06 13:55:01,198
2016-12-06 14:00:01,243
2016-12-06 14:05:01,234
2016-12-06 14:10:01,190
2016-12-06 14:15:01,195
2016-12-06 14:20:01,138
2016-12-06 14:25:01,161
2016-12-06 14:30:01,141
2016-12-06 14:35:01,140
2016-12-06 14:40:01,162
2016-12-06 14:45:01,166
2016-12-06 14:50:01,153
2016-12-06 14:55:01,148
2016-12-06 15:00:01,142
2016-12-06 15:05:01,145
2016-12-06 15:10:01,117
2016-12-06 15:15:01,111
2016-12-06 15:20:01,92
2016-12-06 15:25:01,85
2016-12-06 15:30:01,80
2016-12-06 15:35:01,82
2016-12-06 15:40:01,71
2016-12-06 15:45:01,61
2016-12-06 15:50:01,60
2016-12-06 15:55:01,65
2016-12-06 16:00:01,65
2016-12-06 16:05:01,61
2016-12-06 16:10:01,56
2016-12-06 16:15:01,53
2016-12-06 16:20:01,51
2016-12-06 16:25:01,48
2016-12-06 16:30:01,40
2016-12-06 16:35:01,34
2016-12-06 16:40:01,26
2016-12-06 16:45:01,20
2016-12-06 16:50:01,14
2016-12-07 08:50:01,19
2016-12-07 08:55:01,26
2016-12-07 09:00:01,31
2016-12-07 09:05:01,35
2016-12-07 09:10:01,40
2016-12-07 09:15:01,45
2016-12-07 09:20:01,49
2016-12-07 09:25:01,54
2016-12-07 09:30:01,59
2016-12-07 09:35:01,65
2016-12-07 09:40:01,70
2016-12-07 09:45:01,76
2016-12-07 09:50:01,81
2016-12-07 09:55:01,86
2016-12-07 10:00:01,92
2016-12-07 10:05:01,96
2016-12-07 10:10:01,101
2016-12-07 10:15:01,104
2016-12-07 10:20:01,116
2016-12-07 10:25:01,264
2016-12-07 10:30:01,283
2016-12-07 10:35:01,307
2016-12-07 10:40:01,273
2016-12-07 10:45:01,305
2016-12-07 10:50:01,300
2016-12-07 10:55:01,297
2016-12-07 11:00:01,317
2016-12-07 11:05:01,320
2016-12-07 11:10:01,311
2016-12-07 11:15:01,311
2016-12-07 11:20:01,324
2016-12-07 11:25:01,318
2016-12-07 11:30:01,323
2016-12-07 11:35:01,356
2016-12-07 11:40:01,351
2016-12-07 11:45:01,375
2016-12-07 11:50:01,385
2016-12-07 11:55:01,385
2016-12-07 12:00:01,412
2016-12-07 12:05:01,431
2016-12-07 12:10:01,462
2016-12-07 12:15:02,449
2016-12-07 12:20:01,459
2016-12-07 12:25:01,507
2016-12-07 12:30:01,554
2016-12-07 12:35:01,360
2016-12-07 12:40:01,519
2016-12-07 12:45:01,516
2016-12-07 12:50:01,528
2016-12-07 12:55:01,516
2016-12-07 13:00:01,445
2016-12-07 13:05:01,354
2016-12-07 13:10:01,407
2016-12-07 13:15:01,443
2016-12-07 13:20:01,398
2016-12-07 13:25:01,423
2016-12-07 13:30:01,389
2016-12-07 13:35:01,350
2016-12-07 13:40:01,445
2016-12-07 13:45:01,435
2016-12-07 13:50:01,448
2016-12-07 13:55:01,349
2016-12-07 14:00:01,321
2016-12-07 14:05:01,304
2016-12-07 14:10:01,260
2016-12-07 14:15:01,352
2016-12-07 14:20:01,257
2016-12-07 14:25:01,199
2016-12-07 14:30:01,202
2016-12-07 14:35:01,238
2016-12-07 14:40:01,279
2016-12-07 14:45:01,201
2016-12-07 14:50:01,173
2016-12-07 14:55:01,165
2016-12-07 15:00:01,136
2016-12-07 15:05:01,101
2016-12-07 15:10:01,87
2016-12-07 15:15:01,76
2016-12-07 15:20:01,69
2016-12-07 15:25:01,66
2016-12-07 15:30:01,61
2016-12-07 15:35:01,57
2016-12-07 15:40:01,53
2016-12-07 15:45:01,49
2016-12-07 15:50:01,43
2016-12-07 15:55:01,38
2016-12-07 16:00:01,33
2016-12-07 16:05:01,29
2016-12-07 16:10:01,25
2016-12-07 16:15:01,20
2016-12-07 16:20:01,18
2016-12-07 16:25:01,15
2016-12-08 09:00:01,14
2016-12-08 09:05:01,21
2016-12-08 09:10:01,30
2016-12-08 09:15:01,41
2016-12-08 09:20:01,51
2016-12-08 09:25:01,60
2016-12-08 09:30:01,64
2016-12-08 09:35:01,66
2016-12-08 09:40:01,68
2016-12-08 09:45:01,69
2016-12-08 09:50:01,75
2016-12-08 09:55:01,84
2016-12-08 10:00:01,86
2016-12-08 10:05:01,92
2016-12-08 10:10:01,97
2016-12-08 10:15:01,101
2016-12-08 10:20:01,109
2016-12-08 10:25:01,167
2016-12-08 10:30:01,280
2016-12-08 10:35:01,287
2016-12-08 10:40:02,314
2016-12-08 10:45:01,251
2016-12-08 10:50:01,283
2016-12-08 10:55:01,310
2016-12-08 11:00:01,345
2016-12-08 11:05:01,322
2016-12-08 11:10:01,413
2016-12-08 11:15:01,422
2016-12-08 11:20:01,433
2016-12-08 11:25:01,471
2016-12-08 11:30:01,476
2016-12-08 11:35:01,484
2016-12-08 11:40:01,500
2016-12-08 11:45:01,509
2016-12-08 11:50:01,510
2016-12-08 11:55:01,494
2016-12-08 12:00:01,522
2016-12-08 12:05:01,514
2016-12-08 12:10:01,513
2016-12-08 12:15:01,527
2016-12-08 12:20:01,546
2016-12-08 12:25:01,549
2016-12-08 12:30:01,545
2016-12-08 12:35:01,548
2016-12-08 12:40:01,548
2016-12-08 12:45:01,553
2016-12-08 12:50:01,549
2016-12-08 12:55:01,549
2016-12-08 13:00:01,550
2016-12-08 13:05:01,547
2016-12-08 13:10:01,543
2016-12-08 13:15:01,545
2016-12-08 13:20:01,541
2016-12-08 13:25:01,534
2016-12-08 13:30:01,528
2016-12-08 13:35:01,519
2016-12-08 13:40:01,526
2016-12-08 13:45:01,496
2016-12-08 13:50:01,406
2016-12-08 13:55:01,425
2016-12-08 14:00:01,297
2016-12-08 14:05:01,408
2016-12-08 14:10:01,419
2016-12-08 14:15:01,419
2016-12-08 14:20:01,418
2016-12-08 14:25:01,412
2016-12-08 14:30:01,401
2016-12-08 14:35:01,389
2016-12-08 14:40:01,353
2016-12-08 14:45:01,355
2016-12-08 14:50:01,339
2016-12-08 14:55:01,272
2016-12-08 15:00:01,235
2016-12-08 15:05:01,262
2016-12-08 15:10:01,256
2016-12-08 15:15:01,237
2016-12-08 15:20:01,244
2016-12-08 15:25:01,218
2016-12-08 15:30:01,192
2016-12-08 15:35:01,165
2016-12-08 15:40:01,157
2016-12-08 15:45:01,138
2016-12-08 15:50:01,125
2016-12-08 15:55:01,111
2016-12-08 16:00:01,88
2016-12-08 16:05:01,66
2016-12-08 16:10:01,58
2016-12-08 16:15:01,53
2016-12-08 16:20:01,44
2016-12-08 16:25:01,36
2016-12-08 16:30:01,32
2016-12-08 16:35:01,25
2016-12-08 16:40:01,19
2016-12-09 09:15:01,16
2016-12-09 09:20:01,17
2016-12-09 09:25:01,20
2016-12-09 09:30:01,30
2016-12-09 09:35:01,29
2016-12-09 09:40:01,30
2016-12-09 09:45:01,37
2016-12-09 09:50:01,38
2016-12-09 09:55:01,36
2016-12-09 10:00:01,40
2016-12-09 10:05:01,36
2016-12-09 10:10:01,45
2016-12-09 10:15:01,57
2016-12-09 10:20:01,74
2016-12-09 10:25:01,126
2016-12-09 10:30:01,285
2016-12-09 10:35:01,304
2016-12-09 10:40:02,348
2016-12-09 10:45:01,352
2016-12-09 10:50:01,314
2016-12-09 10:55:01,397
2016-12-09 11:00:01,386
2016-12-09 11:05:01,437
2016-12-09 11:10:01,471
2016-12-09 11:15:01,182
2016-12-09 11:20:01,150
2016-12-09 11:25:01,177
2016-12-09 11:30:01,233
2016-12-09 11:35:01,244
2016-12-09 11:40:01,313
2016-12-09 11:45:01,543
2016-12-09 11:50:01,361
2016-12-09 11:55:01,448
2016-12-09 12:00:01,328
2016-12-09 12:05:01,312
2016-12-09 12:10:01,302
2016-12-09 12:15:01,283
2016-12-09 12:20:01,448
2016-12-09 12:25:01,564
2016-12-09 12:30:01,346
2016-12-09 12:35:01,252
2016-12-09 12:40:01,251
2016-12-09 12:45:01,248
2016-12-09 12:50:01,192
2016-12-09 12:55:02,277
2016-12-09 13:00:01,381
2016-12-09 13:05:01,386
2016-12-09 13:10:02,480
2016-12-09 13:15:01,415
2016-12-09 13:20:01,515
2016-12-09 13:25:01,493
2016-12-09 13:30:01,527
2016-12-09 13:35:01,417
2016-12-09 13:40:01,187
2016-12-09 13:45:01,192
2016-12-09 13:50:01,260
2016-12-09 13:55:01,516
2016-12-09 14:00:01,499
2016-12-09 14:05:01,507
2016-12-09 14:10:01,485
2016-12-09 14:15:01,467
2016-12-09 14:20:01,428
2016-12-09 14:25:01,451
2016-12-09 14:30:01,440
2016-12-09 14:35:01,425
2016-12-09 14:40:01,410
2016-12-09 14:45:01,390
2016-12-09 14:50:01,376
2016-12-09 14:55:01,372
2016-12-09 15:00:01,354
2016-12-09 15:05:01,339
2016-12-09 15:10:01,317
2016-12-09 15:15:01,302
2016-12-09 15:20:01,287
2016-12-09 15:25:01,268
2016-12-09 15:30:01,255
2016-12-09 15:35:01,239
2016-12-09 15:40:01,63
2016-12-09 15:45:01,148
2016-12-09 15:50:01,172
2016-12-09 15:55:01,138
2016-12-09 16:00:01,95
2016-12-09 16:05:01,72
2016-12-09 16:10:01,64
2016-12-09 16:15:01,42
2016-12-09 16:20:01,39
2016-12-09 16:25:01,33
2016-12-09 16:30:01,28
2016-12-09 16:35:01,21
2016-12-09 16:40:01,17
2016-12-10 09:20:01,19
2016-12-10 09:25:01,21
2016-12-10 09:30:01,24
2016-12-10 09:35:01,26
2016-12-10 09:40:01,30
2016-12-10 09:45:01,33
2016-12-10 09:50:01,32
2016-12-10 09:55:01,40
2016-12-10 10:00:01,48
2016-12-10 10:05:01,45
2016-12-10 10:10:01,48
2016-12-10 10:15:01,49
2016-12-10 10:20:01,61
2016-12-10 10:25:01,59
2016-12-10 10:30:01,69
2016-12-10 10:35:01,62
2016-12-10 10:40:01,63
2016-12-10 10:45:01,73
2016-12-10 10:50:01,74
2016-12-10 10:55:01,75
2016-12-10 11:00:01,80
2016-12-10 11:05:01,77
2016-12-10 11:10:01,85
2016-12-10 11:15:01,81
2016-12-10 11:20:01,90
2016-12-10 11:25:01,99
2016-12-10 11:30:01,94
2016-12-10 11:35:01,94
2016-12-10 11:40:01,93
2016-12-10 11:45:01,107
2016-12-10 11:50:01,95
2016-12-10 11:55:01,90
2016-12-10 12:00:01,97
2016-12-10 12:05:01,95
2016-12-10 12:10:01,102
2016-12-10 12:15:01,103
2016-12-10 12:20:01,96
2016-12-10 12:25:01,94
2016-12-10 12:30:01,106
2016-12-10 12:35:01,101
2016-12-10 12:40:01,103
2016-12-10 12:45:01,105
2016-12-10 12:50:01,103
2016-12-10 12:55:01,95
2016-12-10 13:00:01,95
2016-12-10 13:05:01,94
2016-12-10 13:10:01,100
2016-12-10 13:15:01,92
2016-12-10 13:20:01,90
2016-12-10 13:25:01,94
2016-12-10 13:30:01,112
2016-12-10 13:35:01,97
2016-12-10 13:40:01,92
2016-12-10 13:45:01,97
2016-12-10 13:50:01,94
2016-12-10 13:55:02,101
2016-12-10 14:00:01,93
2016-12-10 14:05:01,95
2016-12-10 14:10:01,109
2016-12-10 14:15:01,91
2016-12-10 14:20:01,102
2016-12-10 14:25:01,86
2016-12-10 14:30:01,80
2016-12-10 14:35:01,84
2016-12-10 14:40:01,89
2016-12-10 14:45:01,78
2016-12-10 14:50:01,74
2016-12-10 14:55:01,67
2016-12-10 15:00:01,96
2016-12-10 15:05:01,70
2016-12-10 15:10:01,62
2016-12-10 15:15:01,77
2016-12-10 15:20:01,63
2016-12-10 15:25:01,55
2016-12-10 15:30:01,61
2016-12-10 15:35:01,43
2016-12-10 15:40:01,59
2016-12-10 15:45:01,77
2016-12-10 15:50:01,63
2016-12-10 15:55:01,49
2016-12-10 16:00:01,32
2016-12-10 16:05:01,30
2016-12-10 16:10:01,27
2016-12-10 16:15:01,21
2016-12-10 16:20:01,20
2016-12-10 16:25:01,19
2016-12-11 09:35:01,17
2016-12-11 09:40:01,26
2016-12-11 09:45:01,38
2016-12-11 09:50:01,49
2016-12-11 09:55:01,31
2016-12-11 10:00:01,24
2016-12-11 10:05:01,27
2016-12-11 10:10:01,25
2016-12-11 10:15:01,30
2016-12-11 10:20:01,29
2016-12-11 10:25:01,30
2016-12-11 10:30:01,27
2016-12-11 10:35:01,31
2016-12-11 10:40:01,31
2016-12-11 10:45:01,30
2016-12-11 10:50:01,31
2016-12-11 10:55:01,25
2016-12-11 11:00:01,26
2016-12-11 11:05:01,30
2016-12-11 11:10:01,26
2016-12-11 11:15:01,34
2016-12-11 11:20:01,41
2016-12-11 11:25:01,40
2016-12-11 11:30:01,39
2016-12-11 11:35:01,41
2016-12-11 11:40:01,34
2016-12-11 11:45:01,38
2016-12-11 11:50:01,37
2016-12-11 11:55:01,40
2016-12-11 12:00:01,49
2016-12-11 12:05:01,49
2016-12-11 12:10:01,57
2016-12-11 12:15:01,59
2016-12-11 12:20:01,60
2016-12-11 12:25:01,75
2016-12-11 12:30:01,66
2016-12-11 12:35:01,81
2016-12-11 12:40:01,94
2016-12-11 12:45:01,93
2016-12-11 12:50:01,98
2016-12-11 12:55:01,112
2016-12-11 13:00:01,123
2016-12-11 13:05:01,114
2016-12-11 13:10:01,103
2016-12-11 13:15:01,94
2016-12-11 13:20:01,89
2016-12-11 13:25:01,82
2016-12-11 13:30:01,84
2016-12-11 13:35:01,86
2016-12-11 13:40:01,83
2016-12-11 13:45:01,72
2016-12-11 13:50:01,59
2016-12-11 13:55:01,51
2016-12-11 14:00:01,50
2016-12-11 14:05:01,55
2016-12-11 14:10:01,44
2016-12-11 14:15:01,40
2016-12-11 14:20:01,36
2016-12-11 14:25:01,39
2016-12-11 14:30:01,32
2016-12-11 14:35:01,21
2016-12-11 14:40:01,18
2016-12-11 14:45:01,17
2016-12-11 14:50:01,19
2016-12-11 14:55:01,19
2016-12-11 15:00:01,16
2016-12-11 15:05:01,16
2016-12-11 15:10:01,16
2016-12-11 15:15:01,19
2016-12-12 09:35:01,15
2016-12-12 09:40:01,20
2016-12-12 09:45:01,26
2016-12-12 09:50:01,37
2016-12-12 09:55:01,41
2016-12-12 10:00:01,42
2016-12-12 10:05:01,49
2016-12-12 10:10:01,64
2016-12-12 10:15:01,60
2016-12-12 10:20:01,61
2016-12-12 10:25:01,61
2016-12-12 10:30:01,86
2016-12-12 10:35:01,69
2016-12-12 10:40:01,43
2016-12-12 10:45:01,21
2016-12-12 10:50:01,45
2016-12-12 10:55:01,49
2016-12-12 11:00:01,53
2016-12-12 11:05:01,61
2016-12-12 11:10:01,66
2016-12-12 11:15:01,60
2016-12-12 11:20:01,62
2016-12-12 11:25:01,77
2016-12-12 11:30:01,101
2016-12-12 11:35:01,98
2016-12-12 11:40:01,101
2016-12-12 11:45:01,106
2016-12-12 11:50:01,141
2016-12-12 11:55:01,167
2016-12-12 12:00:01,158
2016-12-12 12:05:01,124
2016-12-12 12:10:01,174
2016-12-12 12:15:01,180
2016-12-12 12:20:01,189
2016-12-12 12:25:01,126
2016-12-12 12:30:01,116
2016-12-12 12:35:01,112
2016-12-12 12:40:01,106
2016-12-12 12:45:01,93
2016-12-12 12:50:01,106
2016-12-12 12:55:01,139
2016-12-12 13:00:01,108
2016-12-12 13:05:01,130
2016-12-12 13:10:01,169
2016-12-12 13:15:01,162
2016-12-12 13:20:01,175
2016-12-12 13:25:01,128
2016-12-12 13:30:01,119
2016-12-12 13:35:02,83
2016-12-12 13:40:01,67
2016-12-12 13:45:01,64
2016-12-12 13:50:01,122
2016-12-12 13:55:01,121
2016-12-12 14:00:01,99
2016-12-12 14:05:01,93
2016-12-12 14:10:01,85
2016-12-12 14:15:01,78
2016-12-12 14:20:01,76
2016-12-12 14:25:01,48
2016-12-12 14:30:01,45
2016-12-12 14:35:01,44
2016-12-12 14:40:01,49
2016-12-12 14:45:01,35
2016-12-12 14:50:01,43
2016-12-12 14:55:01,26
2016-12-12 15:00:01,30
2016-12-12 15:05:01,38
2016-12-12 15:10:01,34
2016-12-12 15:15:01,28
2016-12-12 15:20:01,26
2016-12-12 15:25:01,28
2016-12-12 15:30:01,28
2016-12-12 15:45:01,17
2016-12-12 15:50:01,23
2016-12-12 15:55:01,16
2016-12-12 16:00:01,14
2016-12-12 16:05:01,21
2016-12-12 16:10:01,15
2016-12-12 16:15:01,14
2016-12-12 16:20:01,14
2016-12-13 09:10:01,22
2016-12-13 09:15:01,26
2016-12-13 09:20:01,36
2016-12-13 09:25:01,47
2016-12-13 09:30:01,49
2016-12-13 09:35:01,58
2016-12-13 09:40:01,62
2016-12-13 09:45:01,74
2016-12-13 09:50:01,67
2016-12-13 09:55:01,64
2016-12-13 10:00:01,67
2016-12-13 10:05:01,93
2016-12-13 10:10:01,70
2016-12-13 10:15:01,73
2016-12-13 10:20:01,83
2016-12-13 10:25:01,116
2016-12-13 10:30:01,187
2016-12-13 10:35:01,177
2016-12-13 10:40:01,183
2016-12-13 10:45:01,205
2016-12-13 10:50:01,166
2016-12-13 10:55:01,402
2016-12-13 11:00:01,213
2016-12-13 11:05:01,420
2016-12-13 11:10:01,502
2016-12-13 11:15:01,386
2016-12-13 11:20:01,505
2016-12-13 11:25:01,461
2016-12-13 11:30:01,412
2016-12-13 11:35:01,212
2016-12-13 11:40:01,216
2016-12-13 11:45:01,512
2016-12-13 11:50:01,399
2016-12-13 11:55:01,492
2016-12-13 12:00:01,128
2016-12-13 12:05:01,494
2016-12-13 12:10:01,211
2016-12-13 12:15:01,455
2016-12-13 12:20:01,533
2016-12-13 12:25:01,301
2016-12-13 12:30:01,416
2016-12-13 12:35:01,415
2016-12-13 12:40:01,217
2016-12-13 12:45:01,284
2016-12-13 12:50:01,224
2016-12-13 12:55:01,487
2016-12-13 13:00:01,292
2016-12-13 13:05:01,303
2016-12-13 13:10:01,374
2016-12-13 13:15:01,320
2016-12-13 13:20:01,642
2016-12-13 13:25:01,614
2016-12-13 13:30:01,634
2016-12-13 13:35:01,610
2016-12-13 13:40:01,563
2016-12-13 13:45:01,539
2016-12-13 13:50:01,515
2016-12-13 13:55:01,507
2016-12-13 14:00:01,490
2016-12-13 14:05:01,471
2016-12-13 14:10:01,460
2016-12-13 14:15:01,451
2016-12-13 14:20:01,442
2016-12-13 14:25:01,434
2016-12-13 14:30:01,423
2016-12-13 14:35:01,411
2016-12-13 14:40:01,400
2016-12-13 14:45:01,390
2016-12-13 14:50:01,375
2016-12-13 14:55:01,363
2016-12-13 15:00:01,350
2016-12-13 15:05:01,323
2016-12-13 15:10:01,263
2016-12-13 15:15:01,248
2016-12-13 15:20:01,281
2016-12-13 15:25:01,269
2016-12-13 15:30:01,251
2016-12-13 15:35:01,233
2016-12-13 15:40:01,216
2016-12-13 15:45:01,198
2016-12-13 15:50:01,181
2016-12-13 15:55:01,162
2016-12-13 16:00:01,102
2016-12-13 16:05:01,84
2016-12-13 16:10:01,54
2016-12-13 16:15:01,44
2016-12-13 16:20:01,28
2016-12-13 16:25:01,25
2016-12-13 16:30:01,21
2016-12-13 16:35:01,19
2016-12-14 08:55:01,14
2016-12-14 09:00:01,22
2016-12-14 09:05:01,25
2016-12-14 09:10:01,32
2016-12-14 09:15:01,36
2016-12-14 09:20:01,39
2016-12-14 09:25:01,38
2016-12-14 09:30:01,39
2016-12-14 09:35:01,40
2016-12-14 09:40:01,41
2016-12-14 09:45:01,48
2016-12-14 09:50:01,52
2016-12-14 09:55:01,63
2016-12-14 10:00:01,85
2016-12-14 10:05:01,96
2016-12-14 10:10:01,101
2016-12-14 10:15:01,106
2016-12-14 10:20:01,102
2016-12-14 10:25:01,92
2016-12-14 10:30:01,249
2016-12-14 10:35:01,279
2016-12-14 10:40:01,300
2016-12-14 10:45:01,328
2016-12-14 10:50:01,372
2016-12-14 10:55:01,340
2016-12-14 11:00:01,397
2016-12-14 11:05:01,370
2016-12-14 11:10:01,373
2016-12-14 11:15:01,274
2016-12-14 11:20:01,180
2016-12-14 11:25:01,238
2016-12-14 11:30:01,397
2016-12-14 11:35:01,386
2016-12-14 11:40:01,434
2016-12-14 11:45:01,437
2016-12-14 11:50:01,303
2016-12-14 11:55:01,358
2016-12-14 12:00:01,344
2016-12-14 12:05:01,141
2016-12-14 12:10:01,173
2016-12-14 12:15:01,182
2016-12-14 12:20:01,327
2016-12-14 12:25:01,461
2016-12-14 12:30:01,405
2016-12-14 12:35:01,413
2016-12-14 12:40:01,440
2016-12-14 12:45:01,413
2016-12-14 12:50:01,452
2016-12-14 12:55:01,453
2016-12-14 13:00:01,379
2016-12-14 13:05:01,475
2016-12-14 13:10:01,463
2016-12-14 13:15:01,282
2016-12-14 13:20:01,267
2016-12-14 13:25:01,177
2016-12-14 13:30:01,135
2016-12-14 13:35:01,128
2016-12-14 13:40:01,94
2016-12-14 13:45:01,80
2016-12-14 13:50:01,61
2016-12-14 13:55:01,75
2016-12-14 14:00:01,83
2016-12-14 14:05:01,107
2016-12-14 14:10:01,76
2016-12-14 14:15:01,99
2016-12-14 14:20:01,135
2016-12-14 14:25:01,116
2016-12-14 14:30:01,150
2016-12-14 14:35:01,141
2016-12-14 14:40:01,106
2016-12-14 14:45:01,96
2016-12-14 14:50:01,76
2016-12-14 14:55:01,51
2016-12-14 15:00:01,43
2016-12-14 15:05:01,45
2016-12-14 15:10:01,48
2016-12-14 15:15:01,45
2016-12-14 15:20:01,36
2016-12-14 15:25:01,30
2016-12-14 15:30:01,35
2016-12-14 15:35:01,47
2016-12-14 15:40:01,40
2016-12-14 15:45:01,34
2016-12-14 15:50:01,35
2016-12-14 15:55:01,30
2016-12-14 16:00:01,29
2016-12-14 16:05:01,30
2016-12-14 16:10:02,25
2016-12-14 16:15:01,15
2016-12-15 09:00:01,15
2016-12-15 09:05:01,19
2016-12-15 09:10:01,23
2016-12-15 09:15:01,25
2016-12-15 09:20:01,29
2016-12-15 09:25:01,28
2016-12-15 09:30:01,26
2016-12-15 09:35:01,24
2016-12-15 09:40:01,35
2016-12-15 09:45:01,43
2016-12-15 09:50:01,42
2016-12-15 09:55:01,49
2016-12-15 10:00:01,59
2016-12-15 10:05:01,57
2016-12-15 10:10:01,61
2016-12-15 10:15:01,64
2016-12-15 10:20:01,62
2016-12-15 10:25:01,32
2016-12-15 10:30:01,49
2016-12-15 10:35:01,55
2016-12-15 10:40:01,66
2016-12-15 10:45:01,46
2016-12-15 10:50:01,49
2016-12-15 10:55:01,42
2016-12-15 11:00:01,56
2016-12-15 11:05:01,62
2016-12-15 11:10:01,79
2016-12-15 11:15:01,70
2016-12-15 11:20:01,94
2016-12-15 11:25:01,79
2016-12-15 11:30:01,80
2016-12-15 11:35:01,85
2016-12-15 11:40:01,71
2016-12-15 11:45:01,65
2016-12-15 11:50:01,94
2016-12-15 11:55:01,130
2016-12-15 12:00:01,115
2016-12-15 12:05:01,90
2016-12-15 12:10:01,114
2016-12-15 12:15:01,100
2016-12-15 12:20:01,61
2016-12-15 12:25:01,67
2016-12-15 12:30:01,79
2016-12-15 12:35:01,94
2016-12-15 12:40:01,107
2016-12-15 12:45:01,93
2016-12-15 12:50:01,97
2016-12-15 12:55:01,94
2016-12-15 13:00:01,86
2016-12-15 13:05:01,97
2016-12-15 13:10:01,87
2016-12-15 13:15:01,54
2016-12-15 13:20:01,34
2016-12-15 13:25:01,63
2016-12-15 13:30:01,61
2016-12-15 13:35:01,88
2016-12-15 13:40:01,90
2016-12-15 13:45:01,63
2016-12-15 13:50:01,64
2016-12-15 13:55:01,68
2016-12-15 14:00:01,68
2016-12-15 14:05:01,68
2016-12-15 14:10:01,78
2016-12-15 14:15:01,93
2016-12-15 14:20:01,93
2016-12-15 14:25:01,67
2016-12-15 14:30:01,60
2016-12-15 14:35:01,49
2016-12-15 14:40:01,54
2016-12-15 14:45:01,59
2016-12-15 14:50:01,55
2016-12-15 14:55:01,57
2016-12-15 15:00:01,56
2016-12-15 15:05:01,75
2016-12-15 15:10:01,60
2016-12-15 15:15:01,44
2016-12-15 15:20:01,43
2016-12-15 15:25:01,38
2016-12-15 15:30:01,42
2016-12-15 15:35:01,35
2016-12-15 15:40:01,26
2016-12-15 15:45:01,33
2016-12-15 15:50:01,38
2016-12-15 15:55:01,32
2016-12-15 16:00:01,30
2016-12-15 16:05:01,20
2016-12-16 09:25:01,19
2016-12-16 09:30:01,21
2016-12-16 09:35:01,20
2016-12-16 09:40:01,21
2016-12-16 09:45:01,22
2016-12-16 09:50:01,25
2016-12-16 09:55:01,22
2016-12-16 10:00:01,20
2016-12-16 10:05:01,25
2016-12-16 10:10:01,37
2016-12-16 10:15:01,44
2016-12-16 10:20:01,47
2016-12-16 10:25:01,55
2016-12-16 10:30:01,62
2016-12-16 10:35:01,77
2016-12-16 10:40:01,104
2016-12-16 10:45:01,129
2016-12-16 10:50:01,98
2016-12-16 10:55:01,260
2016-12-16 11:00:01,139
2016-12-16 11:05:02,281
2016-12-16 11:10:01,273
2016-12-16 11:15:01,303
2016-12-16 11:20:01,340
2016-12-16 11:25:01,354
2016-12-16 11:30:01,400
2016-12-16 11:35:01,392
2016-12-16 11:40:01,388
2016-12-16 11:45:01,429
2016-12-16 11:50:01,445
2016-12-16 11:55:01,454
2016-12-16 12:00:01,454
2016-12-16 12:05:01,440
2016-12-16 12:10:01,462
2016-12-16 12:15:01,466
2016-12-16 12:20:01,480
2016-12-16 12:25:01,485
2016-12-16 12:30:01,480
2016-12-16 12:35:01,483
2016-12-16 12:40:01,499
2016-12-16 12:45:01,497
2016-12-16 12:50:01,490
2016-12-16 12:55:01,485
2016-12-16 13:00:01,229
2016-12-16 13:05:01,488
2016-12-16 13:10:01,518
2016-12-16 13:15:01,495
2016-12-16 13:20:01,480
2016-12-16 13:25:01,340
2016-12-16 13:30:01,501
2016-12-16 13:35:01,489
2016-12-16 13:40:01,474
2016-12-16 13:45:01,459
2016-12-16 13:50:01,451
2016-12-16 13:55:01,435
2016-12-16 14:00:01,429
2016-12-16 14:05:01,415
2016-12-16 14:10:01,412
2016-12-16 14:15:01,413
2016-12-16 14:20:01,399
2016-12-16 14:25:01,385
2016-12-16 14:30:01,363
2016-12-16 14:35:01,352
2016-12-16 14:40:01,339
2016-12-16 14:45:01,334
2016-12-16 14:50:01,321
2016-12-16 14:55:01,307
2016-12-16 15:00:01,292
2016-12-16 15:05:01,273
2016-12-16 15:10:01,260
2016-12-16 15:15:01,244
2016-12-16 15:20:01,231
2016-12-16 15:25:01,220
2016-12-16 15:30:01,203
2016-12-16 15:35:01,191
2016-12-16 15:40:01,175
2016-12-16 15:45:01,162
2016-12-16 15:50:01,145
2016-12-16 15:55:01,134
2016-12-16 16:00:01,102
2016-12-16 16:05:01,83
2016-12-16 16:10:01,67
2016-12-16 16:15:01,49
2016-12-16 16:20:01,35
2016-12-16 16:25:01,31
2016-12-16 16:30:01,26
2016-12-16 16:35:01,22
2016-12-16 16:40:01,18
2016-12-17 09:15:01,18
2016-12-17 09:20:01,20
2016-12-17 09:25:01,25
2016-12-17 09:30:01,30
2016-12-17 09:35:01,30
2016-12-17 09:40:01,37
2016-12-17 09:45:01,42
2016-12-17 09:50:01,48
2016-12-17 09:55:01,48
2016-12-17 10:00:01,58
2016-12-17 10:05:01,56
2016-12-17 10:10:01,70
2016-12-17 10:15:01,77
2016-12-17 10:20:01,84
2016-12-17 10:25:01,91
2016-12-17 10:30:01,90
2016-12-17 10:35:01,102
2016-12-17 10:40:01,106
2016-12-17 10:45:01,119
2016-12-17 10:50:01,104
2016-12-17 10:55:01,114
2016-12-17 11:00:01,128
2016-12-17 11:05:01,123
2016-12-17 11:10:01,126
2016-12-17 11:15:01,130
2016-12-17 11:20:01,121
2016-12-17 11:25:01,131
2016-12-17 11:30:01,139
2016-12-17 11:35:01,128
2016-12-17 11:40:01,120
2016-12-17 11:45:01,137
2016-12-17 11:50:01,142
2016-12-17 11:55:01,163
2016-12-17 12:00:01,149
2016-12-17 12:05:01,145
2016-12-17 12:10:01,156
2016-12-17 12:15:01,182
2016-12-17 12:20:01,174
2016-12-17 12:25:01,225
2016-12-17 12:30:01,162
2016-12-17 12:35:01,165
2016-12-17 12:40:01,156
2016-12-17 12:45:01,128
2016-12-17 12:50:01,151
2016-12-17 12:55:01,161
2016-12-17 13:00:01,132
2016-12-17 13:05:01,140
2016-12-17 13:10:01,112
2016-12-17 13:15:01,107
2016-12-17 13:20:01,109
2016-12-17 13:25:01,122
2016-12-17 13:30:01,133
2016-12-17 13:35:01,137
2016-12-17 13:40:01,109
2016-12-17 13:45:01,109
2016-12-17 13:50:01,110
2016-12-17 13:55:01,120
2016-12-17 14:00:01,140
2016-12-17 14:05:01,106
2016-12-17 14:10:01,106
2016-12-17 14:15:01,101
2016-12-17 14:20:01,92
2016-12-17 14:25:01,103
2016-12-17 14:30:01,93
2016-12-17 14:35:01,96
2016-12-17 14:40:01,79
2016-12-17 14:45:01,86
2016-12-17 14:50:01,87
2016-12-17 14:55:01,98
2016-12-17 15:00:01,98
2016-12-17 15:05:01,85
2016-12-17 15:10:01,80
2016-12-17 15:15:01,78
2016-12-17 15:20:01,75
2016-12-17 15:25:01,80
2016-12-17 15:30:01,49
2016-12-17 15:35:01,59
2016-12-17 15:40:01,52
2016-12-17 15:45:01,46
2016-12-17 15:50:01,39
2016-12-17 15:55:01,37
2016-12-17 16:00:01,30
2016-12-17 16:05:01,26
2016-12-17 16:10:01,27
2016-12-17 16:15:01,24
2016-12-17 16:20:01,19
2016-12-17 16:25:01,17
2016-12-18 09:10:01,15
2016-12-18 09:15:02,13
2016-12-18 09:20:01,16
2016-12-18 09:25:01,20
2016-12-18 09:30:01,20
2016-12-18 09:35:01,22
2016-12-18 09:40:01,22
2016-12-18 09:45:01,25
2016-12-18 09:50:01,28
2016-12-18 09:55:01,32
2016-12-18 10:00:01,38
2016-12-18 10:05:01,38
2016-12-18 10:10:01,43
2016-12-18 10:15:01,43
2016-12-18 10:20:01,43
2016-12-18 10:25:01,44
2016-12-18 10:30:01,42
2016-12-18 10:35:01,51
2016-12-18 10:40:01,46
2016-12-18 10:45:01,48
2016-12-18 10:50:01,46
2016-12-18 10:55:01,53
2016-12-18 11:00:01,57
2016-12-18 11:05:01,60
2016-12-18 11:10:01,63
2016-12-18 11:15:01,59
2016-12-18 11:20:01,63
2016-12-18 11:25:01,69
2016-12-18 11:30:01,63
2016-12-18 11:35:01,73
2016-12-18 11:40:01,71
2016-12-18 11:45:01,74
2016-12-18 11:50:01,82
2016-12-18 11:55:01,93
2016-12-18 12:00:01,90
2016-12-18 12:05:01,96
2016-12-18 12:10:01,80
2016-12-18 12:15:01,116
2016-12-18 12:20:01,107
2016-12-18 12:25:01,102
2016-12-18 12:30:01,89
2016-12-18 12:35:01,113
2016-12-18 12:40:01,114
2016-12-18 12:45:01,77
2016-12-18 12:50:01,96
2016-12-18 12:55:01,94
2016-12-18 13:00:02,87
2016-12-18 13:05:01,113
2016-12-18 13:10:01,100
2016-12-18 13:15:01,94
2016-12-18 13:20:01,79
2016-12-18 13:25:01,81
2016-12-18 13:30:01,85
2016-12-18 13:35:01,82
2016-12-18 13:40:01,93
2016-12-18 13:45:01,89
2016-12-18 13:50:01,85
2016-12-18 13:55:01,77
2016-12-18 14:00:01,93
2016-12-18 14:05:01,82
2016-12-18 14:10:01,89
2016-12-18 14:15:01,71
2016-12-18 14:20:01,72
2016-12-18 14:25:01,68
2016-12-18 14:30:01,60
2016-12-18 14:35:01,61
2016-12-18 14:40:01,56
2016-12-18 14:45:01,51
2016-12-18 14:50:01,58
2016-12-18 14:55:01,49
2016-12-18 15:00:01,52
2016-12-18 15:05:01,55
2016-12-18 15:10:01,49
2016-12-18 15:15:01,56
2016-12-18 15:20:01,40
2016-12-18 15:25:01,38
2016-12-18 15:30:01,39
2016-12-18 15:35:01,35
2016-12-18 15:40:01,31
2016-12-18 15:45:01,29
2016-12-18 15:50:01,25
2016-12-18 15:55:01,26
2016-12-18 16:00:01,26
2016-12-18 16:05:01,19
2016-12-18 16:10:01,21
2016-12-19 10:00:01,15
2016-12-19 10:05:01,17
2016-12-19 10:10:01,22
2016-12-19 10:15:01,25
2016-12-19 10:20:01,31
2016-12-19 10:25:01,41
2016-12-19 10:30:01,40
2016-12-19 10:35:01,35
2016-12-19 10:40:01,39
2016-12-19 10:45:01,34
2016-12-19 10:50:01,36
2016-12-19 10:55:01,41
2016-12-19 11:00:01,35
2016-12-19 11:05:01,36
2016-12-19 11:10:01,34
2016-12-19 11:15:01,40
2016-12-19 11:20:01,37
2016-12-19 11:25:01,32
2016-12-19 11:30:01,36
2016-12-19 11:35:01,38
2016-12-19 11:40:01,39
2016-12-19 11:45:01,40
2016-12-19 11:50:01,35
2016-12-19 11:55:01,29
2016-12-19 12:00:01,29
2016-12-19 12:05:01,29
2016-12-19 12:10:01,28
2016-12-19 12:15:01,25
2016-12-19 12:20:01,26
2016-12-19 12:25:01,32
2016-12-19 12:30:01,35
2016-12-19 12:35:01,30
2016-12-19 12:40:01,40
2016-12-19 12:45:01,31
2016-12-19 12:50:01,29
2016-12-19 12:55:01,26
2016-12-19 13:00:01,25
2016-12-19 13:05:01,23
2016-12-19 13:10:01,28
2016-12-19 13:15:01,27
2016-12-19 13:20:01,30
2016-12-19 13:25:01,38
2016-12-19 13:30:01,45
2016-12-19 13:35:01,38
2016-12-19 13:40:01,42
2016-12-19 13:45:01,49
2016-12-19 13:50:01,41
2016-12-19 13:55:01,38
2016-12-19 14:00:01,37
2016-12-19 14:05:01,35
2016-12-19 14:10:01,46
2016-12-19 14:15:01,28
2016-12-19 14:20:01,33
2016-12-19 14:25:01,39
2016-12-19 14:30:01,24
2016-12-19 14:35:01,25
2016-12-19 14:40:01,37
2016-12-19 14:45:01,33
2016-12-19 14:50:01,30
2016-12-19 14:55:01,26
2016-12-19 15:00:01,32
2016-12-19 15:05:01,36
2016-12-19 15:10:01,28
2016-12-19 15:15:01,22
2016-12-19 15:20:01,19
2016-12-19 15:25:01,24
2016-12-19 15:30:01,15
2016-12-19 15:35:01,19
2016-12-19 15:40:01,15
2016-12-19 15:45:01,15
2016-12-19 15:55:01,14
2016-12-20 09:05:01,14
2016-12-20 09:10:01,18
2016-12-20 09:15:01,22
2016-12-20 09:20:01,25
2016-12-20 09:25:01,29
2016-12-20 09:30:01,35
2016-12-20 09:35:01,40
2016-12-20 09:40:01,43
2016-12-20 09:45:01,46
2016-12-20 09:50:01,50
2016-12-20 09:55:01,59
2016-12-20 10:00:01,65
2016-12-20 10:05:01,70
2016-12-20 10:10:01,72
2016-12-20 10:15:01,74
2016-12-20 10:20:01,77
2016-12-20 10:25:01,81
2016-12-20 10:30:01,152
2016-12-20 10:35:01,227
2016-12-20 10:40:01,251
2016-12-20 10:45:01,272
2016-12-20 10:50:01,281
2016-12-20 10:55:01,292
2016-12-20 11:00:01,304
2016-12-20 11:05:01,328
2016-12-20 11:10:01,322
2016-12-20 11:15:01,334
2016-12-20 11:20:01,354
2016-12-20 11:25:01,375
2016-12-20 11:30:01,386
2016-12-20 11:35:01,389
2016-12-20 11:40:01,398
2016-12-20 11:45:01,414
2016-12-20 11:50:01,430
2016-12-20 11:55:01,431
2016-12-20 12:00:01,437
2016-12-20 12:05:01,442
2016-12-20 12:10:01,467
2016-12-20 12:15:01,477
2016-12-20 12:20:01,467
2016-12-20 12:25:01,456
2016-12-20 12:30:01,480
2016-12-20 12:35:01,465
2016-12-20 12:40:01,491
2016-12-20 12:45:01,510
2016-12-20 12:50:01,521
2016-12-20 12:55:01,558
2016-12-20 13:00:01,543
2016-12-20 13:05:01,511
2016-12-20 13:10:01,488
2016-12-20 13:15:01,490
2016-12-20 13:20:01,490
2016-12-20 13:25:01,486
2016-12-20 13:30:01,471
2016-12-20 13:35:01,520
2016-12-20 13:40:01,76
2016-12-20 13:45:01,67
2016-12-20 13:50:01,98
2016-12-20 13:55:01,80
2016-12-20 14:00:01,79
2016-12-20 14:05:01,87
2016-12-20 14:10:01,77
2016-12-20 14:15:01,80
2016-12-20 14:20:01,68
2016-12-20 14:25:01,80
2016-12-20 14:30:01,74
2016-12-20 14:35:01,56
2016-12-20 14:40:01,69
2016-12-20 14:45:01,68
2016-12-20 14:50:01,55
2016-12-20 14:55:01,56
2016-12-20 15:00:01,61
2016-12-20 15:05:01,68
2016-12-20 15:10:01,62
2016-12-20 15:15:01,57
2016-12-20 15:20:01,60
2016-12-20 15:25:01,53
2016-12-20 15:30:01,51
2016-12-20 15:35:01,44
2016-12-20 15:40:01,49
2016-12-20 15:45:01,49
2016-12-20 15:50:01,52
2016-12-20 15:55:01,49
2016-12-20 16:00:01,41
2016-12-20 16:05:01,40
2016-12-20 16:10:01,42
2016-12-20 16:15:01,54
2016-12-20 16:20:01,45
2016-12-20 16:25:01,37
2016-12-20 16:30:01,33
2016-12-20 16:35:01,28
2016-12-20 16:40:01,21
2016-12-20 16:45:01,16
2016-12-21 09:15:01,12
2016-12-21 09:20:01,12
2016-12-21 09:25:01,16
2016-12-21 09:30:01,20
2016-12-21 09:35:01,23
2016-12-21 09:40:01,28
2016-12-21 09:45:01,34
2016-12-21 09:50:01,37
2016-12-21 09:55:01,39
2016-12-21 10:00:01,41
2016-12-21 10:05:01,44
2016-12-21 10:10:01,49
2016-12-21 10:15:01,50
2016-12-21 10:20:01,46
2016-12-21 10:25:01,43
2016-12-21 10:30:01,46
2016-12-21 10:35:01,58
2016-12-21 10:40:01,65
2016-12-21 10:45:01,68
2016-12-21 10:50:01,69
2016-12-21 10:55:01,73
2016-12-21 11:00:01,72
2016-12-21 11:05:01,71
2016-12-21 11:10:01,70
2016-12-21 11:15:01,66
2016-12-21 11:20:01,75
2016-12-21 11:25:01,67
2016-12-21 11:30:01,74
2016-12-21 11:35:01,84
2016-12-21 11:40:01,94
2016-12-21 11:45:01,88
2016-12-21 11:50:01,77
2016-12-21 11:55:01,72
2016-12-21 12:00:01,70
2016-12-21 12:05:01,66
2016-12-21 12:10:01,71
2016-12-21 12:15:01,64
2016-12-21 12:20:01,63
2016-12-21 12:25:01,71
2016-12-21 12:30:01,67
2016-12-21 12:35:01,70
2016-12-21 12:40:01,66
2016-12-21 12:45:01,74
2016-12-21 12:50:01,78
2016-12-21 12:55:01,85
2016-12-21 13:00:01,98
2016-12-21 13:05:01,120
2016-12-21 13:10:01,111
2016-12-21 13:15:01,88
2016-12-21 13:20:01,75
2016-12-21 13:25:01,65
2016-12-21 13:30:01,62
2016-12-21 13:35:01,56
2016-12-21 13:40:01,51
2016-12-21 13:45:01,73
2016-12-21 13:50:01,76
2016-12-21 13:55:01,73
2016-12-21 14:00:01,59
2016-12-21 14:05:01,57
2016-12-21 14:10:01,50
2016-12-21 14:15:01,60
2016-12-21 14:20:01,57
2016-12-21 14:25:01,53
2016-12-21 14:30:01,48
2016-12-21 14:35:01,47
2016-12-21 14:40:01,56
2016-12-21 14:45:01,61
2016-12-21 14:50:01,62
2016-12-21 14:55:01,50
2016-12-21 15:00:01,34
2016-12-21 15:05:01,40
2016-12-21 15:10:01,43
2016-12-21 15:15:01,36
2016-12-21 15:20:01,41
2016-12-21 15:25:01,33
2016-12-21 15:30:01,31
2016-12-21 15:35:01,27
2016-12-21 15:40:01,24
2016-12-21 15:45:01,16
2016-12-21 15:50:01,15
2016-12-21 15:55:01,14
2016-12-22 09:20:01,21
2016-12-22 09:25:01,26
2016-12-22 09:30:01,33
2016-12-22 09:35:01,35
2016-12-22 09:40:01,29
2016-12-22 09:45:01,30
2016-12-22 09:50:01,30
2016-12-22 09:55:01,39
2016-12-22 10:00:01,51
2016-12-22 10:05:01,75
2016-12-22 10:10:01,95
2016-12-22 10:15:01,120
2016-12-22 10:20:01,136
2016-12-22 10:25:01,129
2016-12-22 10:30:01,103
2016-12-22 10:35:01,81
2016-12-22 10:40:01,82
2016-12-22 10:45:01,73
2016-12-22 10:50:01,68
2016-12-22 10:55:01,69
2016-12-22 11:00:01,66
2016-12-22 11:05:01,65
2016-12-22 11:10:01,71
2016-12-22 11:15:01,82
2016-12-22 11:20:01,98
2016-12-22 11:25:01,109
2016-12-22 11:30:01,100
2016-12-22 11:35:01,122
2016-12-22 11:40:01,115
2016-12-22 11:45:01,112
2016-12-22 11:50:01,109
2016-12-22 11:55:01,112
2016-12-22 12:00:01,114
2016-12-22 12:05:01,104
2016-12-22 12:10:01,169
2016-12-22 12:15:01,266
2016-12-22 12:20:01,220
2016-12-22 12:25:01,372
2016-12-22 12:30:01,445
2016-12-22 12:35:01,237
2016-12-22 12:40:01,176
2016-12-22 12:45:01,153
2016-12-22 12:50:01,257
2016-12-22 12:55:01,644
2016-12-22 13:00:01,380
2016-12-22 13:05:01,640
2016-12-22 13:10:01,626
2016-12-22 13:15:01,278
2016-12-22 13:20:01,595
2016-12-22 13:25:01,541
2016-12-22 13:30:01,566
2016-12-22 13:35:01,594
2016-12-22 13:40:01,594
2016-12-22 13:45:01,491
2016-12-22 13:50:01,292
2016-12-22 13:55:01,348
2016-12-22 14:00:01,528
2016-12-22 14:05:01,502
2016-12-22 14:10:01,506
2016-12-22 14:15:01,503
2016-12-22 14:20:01,507
2016-12-22 14:25:01,370
2016-12-22 14:30:01,309
2016-12-22 14:35:01,228
2016-12-22 14:40:01,427
2016-12-22 14:45:01,466
2016-12-22 14:50:01,377
2016-12-22 14:55:01,250
2016-12-22 15:00:01,214
2016-12-22 15:05:01,141
2016-12-22 15:10:01,296
2016-12-22 15:15:01,272
2016-12-22 15:20:01,295
2016-12-22 15:25:01,255
2016-12-22 15:30:01,261
2016-12-22 15:35:01,247
2016-12-22 15:40:01,225
2016-12-22 15:45:01,208
2016-12-22 15:50:01,188
2016-12-22 15:55:01,160
2016-12-22 16:00:01,114
2016-12-22 16:05:01,69
2016-12-22 16:10:01,56
2016-12-22 16:15:01,58
2016-12-22 16:20:01,42
2016-12-22 16:25:01,28
2016-12-22 16:30:01,25
2016-12-22 16:35:01,18
2016-12-23 09:35:01,16
2016-12-23 09:40:01,18
2016-12-23 09:45:01,22
2016-12-23 09:50:01,23
2016-12-23 09:55:01,21
2016-12-23 10:00:01,23
2016-12-23 10:05:01,21
2016-12-23 10:10:01,24
2016-12-23 10:15:01,25
2016-12-23 10:20:01,34
2016-12-23 10:25:01,44
2016-12-23 10:30:01,48
2016-12-23 10:35:01,44
2016-12-23 10:40:01,42
2016-12-23 10:45:01,43
2016-12-23 10:50:01,45
2016-12-23 10:55:01,67
2016-12-23 11:00:01,61
2016-12-23 11:05:01,67
2016-12-23 11:10:01,73
2016-12-23 11:15:01,70
2016-12-23 11:20:01,83
2016-12-23 11:25:01,71
2016-12-23 11:30:01,60
2016-12-23 11:35:01,80
2016-12-23 11:40:01,67
2016-12-23 11:45:01,83
2016-12-23 11:50:01,64
2016-12-23 11:55:01,57
2016-12-23 12:00:01,59
2016-12-23 12:05:01,59
2016-12-23 12:10:01,60
2016-12-23 12:15:01,57
2016-12-23 12:20:01,56
2016-12-23 12:25:01,77
2016-12-23 12:30:01,58
2016-12-23 12:35:01,60
2016-12-23 12:40:01,53
2016-12-23 12:45:01,40
2016-12-23 12:50:01,46
2016-12-23 12:55:01,62
2016-12-23 13:00:02,76
2016-12-23 13:05:01,68
2016-12-23 13:10:01,73
2016-12-23 13:15:01,70
2016-12-23 13:20:01,67
2016-12-23 13:25:01,68
2016-12-23 13:30:01,63
2016-12-23 13:35:01,60
2016-12-23 13:40:01,58
2016-12-23 13:45:01,59
2016-12-23 13:50:01,55
2016-12-23 13:55:01,47
2016-12-23 14:00:01,47
2016-12-23 14:05:01,46
2016-12-23 14:10:01,53
2016-12-23 14:15:01,45
2016-12-23 14:20:01,51
2016-12-23 14:25:01,50
2016-12-23 14:30:01,43
2016-12-23 14:35:01,40
2016-12-23 14:40:01,38
2016-12-23 14:45:01,39
2016-12-23 14:50:01,43
2016-12-23 14:55:01,54
2016-12-23 15:00:01,55
2016-12-23 15:05:01,39
2016-12-23 15:10:01,38
2016-12-23 15:15:01,32
2016-12-23 15:20:01,29
2016-12-23 15:25:01,30
2016-12-23 15:30:01,26
2016-12-23 15:35:01,28
2016-12-23 15:40:01,21
2016-12-23 15:45:01,20
2016-12-23 15:50:01,19
2016-12-23 15:55:01,16
2016-12-23 16:15:01,15
2016-12-24 09:00:01,14
2016-12-24 09:05:01,21
2016-12-24 09:10:01,28
2016-12-24 09:15:01,34
2016-12-24 09:20:01,40
2016-12-24 09:25:01,44
2016-12-24 09:30:01,40
2016-12-24 09:35:01,41
2016-12-24 09:40:01,46
2016-12-24 09:45:01,50
2016-12-24 09:50:01,56
2016-12-24 09:55:01,63
2016-12-24 10:00:01,69
2016-12-24 10:05:01,73
2016-12-24 10:10:01,74
2016-12-24 10:15:01,77
2016-12-24 10:20:01,90
2016-12-24 10:25:01,108
2016-12-24 10:30:01,136
2016-12-24 10:35:01,208
2016-12-24 10:40:01,231
2016-12-24 10:45:01,236
2016-12-24 10:50:01,240
2016-12-24 10:55:01,251
2016-12-24 11:00:01,288
2016-12-24 11:05:01,232
2016-12-24 11:10:01,213
2016-12-24 11:15:01,195
2016-12-24 11:20:01,183
2016-12-24 11:25:01,245
2016-12-24 11:30:01,257
2016-12-24 11:35:01,196
2016-12-24 11:40:01,257
2016-12-24 11:45:01,299
2016-12-24 11:50:01,316
2016-12-24 11:55:01,392
2016-12-24 12:00:01,373
2016-12-24 12:05:01,438
2016-12-24 12:10:01,417
2016-12-24 12:15:01,430
2016-12-24 12:20:01,397
2016-12-24 12:25:01,338
2016-12-24 12:30:01,361
2016-12-24 12:35:01,402
2016-12-24 12:40:01,401
2016-12-24 12:45:01,334
2016-12-24 12:50:01,322
2016-12-24 12:55:01,369
2016-12-24 13:00:01,414
2016-12-24 13:05:01,434
2016-12-24 13:10:01,409
2016-12-24 13:15:01,384
2016-12-24 13:20:01,478
2016-12-24 13:25:01,471
2016-12-24 13:30:01,450
2016-12-24 13:35:01,524
2016-12-24 13:40:01,503
2016-12-24 13:45:01,479
2016-12-24 13:50:01,234
2016-12-24 13:55:01,227
2016-12-24 14:00:01,372
2016-12-24 14:05:01,364
2016-12-24 14:10:01,179
2016-12-24 14:15:01,167
2016-12-24 14:20:01,172
2016-12-24 14:25:01,139
2016-12-24 14:30:01,143
2016-12-24 14:35:01,161
2016-12-24 14:40:01,140
2016-12-24 14:45:01,160
2016-12-24 14:50:01,154
2016-12-24 14:55:01,161
2016-12-24 15:00:01,157
2016-12-24 15:05:01,161
2016-12-24 15:10:01,162
2016-12-24 15:15:01,144
2016-12-24 15:20:01,140
2016-12-24 15:25:01,130
2016-12-24 15:30:01,126
2016-12-24 15:35:01,119
2016-12-24 15:40:01,112
2016-12-24 15:45:01,109
2016-12-24 15:50:01,99
2016-12-24 15:55:01,89
2016-12-24 16:00:01,81
2016-12-24 16:05:01,71
2016-12-24 16:10:01,65
2016-12-24 16:15:01,58
2016-12-24 16:20:01,51
2016-12-24 16:25:01,43
2016-12-24 16:30:01,35
2016-12-24 16:35:01,28
2016-12-24 16:40:01,21
2016-12-24 16:45:01,15
2016-12-25 09:20:01,16
2016-12-25 09:25:01,25
2016-12-25 09:30:01,36
2016-12-25 09:35:01,34
2016-12-25 09:40:01,49
2016-12-25 09:45:01,53
2016-12-25 09:50:01,29
2016-12-25 09:55:01,34
2016-12-25 10:00:01,35
2016-12-25 10:05:01,33
2016-12-25 10:10:01,54
2016-12-25 10:15:01,52
2016-12-25 10:20:01,52
2016-12-25 10:25:01,42
2016-12-25 10:30:01,49
2016-12-25 10:35:01,44
2016-12-25 10:40:01,53
2016-12-25 10:45:01,57
2016-12-25 10:50:01,44
2016-12-25 10:55:01,67
2016-12-25 11:00:01,49
2016-12-25 11:05:01,60
2016-12-25 11:10:01,60
2016-12-25 11:15:01,73
2016-12-25 11:20:02,68
2016-12-25 11:25:01,56
2016-12-25 11:30:01,72
2016-12-25 11:35:01,58
2016-12-25 11:40:01,70
2016-12-25 11:45:01,75
2016-12-25 11:50:01,67
2016-12-25 11:55:01,60
2016-12-25 12:00:01,75
2016-12-25 12:05:01,88
2016-12-25 12:10:01,85
2016-12-25 12:15:01,67
2016-12-25 12:20:01,70
2016-12-25 12:25:01,84
2016-12-25 12:30:01,89
2016-12-25 12:35:02,96
2016-12-25 12:40:01,135
2016-12-25 12:45:01,68
2016-12-25 12:50:01,72
2016-12-25 12:55:01,64
2016-12-25 13:00:01,96
2016-12-25 13:05:01,112
2016-12-25 13:10:01,168
2016-12-25 13:15:01,147
2016-12-25 13:20:01,149
2016-12-25 13:25:01,198
2016-12-25 13:30:01,123
2016-12-25 13:35:01,117
2016-12-25 13:40:01,196
2016-12-25 13:45:01,143
2016-12-25 13:50:01,114
2016-12-25 13:55:01,52
2016-12-25 14:00:02,98
2016-12-25 14:05:01,112
2016-12-25 14:10:01,72
2016-12-25 14:15:01,125
2016-12-25 14:20:01,110
2016-12-25 14:25:01,89
2016-12-25 14:30:01,77
2016-12-25 14:35:01,86
2016-12-25 14:40:01,103
2016-12-25 14:45:01,70
2016-12-25 14:50:01,41
2016-12-25 14:55:01,45
2016-12-25 15:00:01,72
2016-12-25 15:05:01,76
2016-12-25 15:10:01,67
2016-12-25 15:15:01,59
2016-12-25 15:20:01,53
2016-12-25 15:25:01,56
2016-12-25 15:30:01,33
2016-12-25 15:35:01,55
2016-12-25 15:40:02,47
2016-12-25 15:45:01,39
2016-12-25 15:50:01,36
2016-12-25 15:55:01,25
2016-12-25 16:00:01,18
2016-12-25 16:05:01,24
2016-12-25 16:10:01,28
2016-12-25 16:15:01,23
2016-12-25 16:20:01,20
2016-12-25 16:25:01,17
2016-12-25 16:35:01,15
2016-12-25 16:40:01,17
2016-12-26 09:30:01,20
2016-12-26 09:35:01,22
2016-12-26 09:40:01,53
2016-12-26 09:45:01,52
2016-12-26 09:50:01,72
2016-12-26 09:55:01,88
2016-12-26 10:00:01,70
2016-12-26 10:05:01,58
2016-12-26 10:10:01,64
2016-12-26 10:15:01,45
2016-12-26 10:20:01,98
2016-12-26 10:25:01,69
2016-12-26 10:30:01,29
2016-12-26 10:35:01,47
2016-12-26 10:40:01,80
2016-12-26 10:45:01,54
2016-12-26 10:50:01,50
2016-12-26 10:55:01,114
2016-12-26 11:00:01,81
2016-12-26 11:05:01,61
2016-12-26 11:10:01,65
2016-12-26 11:15:01,84
2016-12-26 11:20:01,103
2016-12-26 11:25:01,93
2016-12-26 11:30:01,120
2016-12-26 11:35:01,98
2016-12-26 11:40:01,93
2016-12-26 11:45:01,56
2016-12-26 11:50:01,92
2016-12-26 11:55:01,70
2016-12-26 12:00:01,66
2016-12-26 12:05:01,95
2016-12-26 12:10:01,51
2016-12-26 12:15:01,16
2016-12-26 12:20:01,46
2016-12-26 12:25:01,44
2016-12-26 12:30:01,78
2016-12-26 12:35:01,71
2016-12-26 12:40:01,79
2016-12-26 12:45:01,92
2016-12-26 12:50:01,115
2016-12-26 12:55:01,147
2016-12-26 13:00:01,153
2016-12-26 13:05:01,208
2016-12-26 13:10:01,156
2016-12-26 13:15:01,123
2016-12-26 13:20:01,195
2016-12-26 13:25:01,175
2016-12-26 13:30:01,109
2016-12-26 13:35:01,110
2016-12-26 13:40:01,130
2016-12-26 13:45:01,133
2016-12-26 13:50:01,214
2016-12-26 13:55:01,247
2016-12-26 14:00:01,323
2016-12-26 14:05:01,257
2016-12-26 14:10:01,302
2016-12-26 14:15:01,221
2016-12-26 14:20:01,162
2016-12-26 14:25:01,130
2016-12-26 14:30:01,124
2016-12-26 14:35:01,126
2016-12-26 14:40:01,103
2016-12-26 14:45:01,81
2016-12-26 14:50:01,103
2016-12-26 14:55:01,92
2016-12-26 15:00:01,71
2016-12-26 15:05:01,79
2016-12-26 15:10:01,73
2016-12-26 15:15:01,84
2016-12-26 15:20:01,108
2016-12-26 15:25:01,93
2016-12-26 15:30:01,77
2016-12-26 15:35:01,76
2016-12-26 15:40:01,71
2016-12-26 15:45:01,92
2016-12-26 15:50:01,89
2016-12-26 15:55:01,78
2016-12-26 16:00:01,77
2016-12-26 16:05:01,68
2016-12-26 16:10:01,70
2016-12-26 16:15:01,46
2016-12-26 16:20:01,40
2016-12-26 16:25:01,28
2016-12-26 16:30:01,23
2016-12-26 16:35:01,19
2016-12-26 16:40:01,19
2016-12-26 16:45:01,15
2016-12-26 16:50:01,14
2016-12-27 09:05:01,15
2016-12-27 09:10:01,19
2016-12-27 09:15:01,22
2016-12-27 09:20:01,27
2016-12-27 09:25:01,31
2016-12-27 09:30:01,35
2016-12-27 09:35:01,39
2016-12-27 09:40:01,42
2016-12-27 09:45:01,44
2016-12-27 09:50:01,46
2016-12-27 09:55:01,49
2016-12-27 10:00:01,49
2016-12-27 10:05:01,50
2016-12-27 10:10:01,50
2016-12-27 10:15:01,51
2016-12-27 10:20:01,54
2016-12-27 10:25:01,66
2016-12-27 10:30:01,84
2016-12-27 10:35:01,221
2016-12-27 10:40:01,277
2016-12-27 10:45:01,304
2016-12-27 10:50:01,333
2016-12-27 10:55:01,354
2016-12-27 11:00:01,378
2016-12-27 11:05:01,390
2016-12-27 11:10:01,411
2016-12-27 11:15:01,423
2016-12-27 11:20:01,428
2016-12-27 11:25:01,436
2016-12-27 11:30:01,451
2016-12-27 11:35:01,427
2016-12-27 11:40:01,456
2016-12-27 11:45:01,458
2016-12-27 11:50:01,438
2016-12-27 11:55:01,443
2016-12-27 12:00:02,446
2016-12-27 12:05:01,496
2016-12-27 12:10:01,508
2016-12-27 12:15:01,513
2016-12-27 12:20:01,513
2016-12-27 12:25:01,505
2016-12-27 12:30:01,504
2016-12-27 12:35:01,518
2016-12-27 12:40:01,506
2016-12-27 12:45:01,496
2016-12-27 12:50:01,460
2016-12-27 12:55:01,469
2016-12-27 13:00:01,508
2016-12-27 13:05:01,541
2016-12-27 13:10:01,550
2016-12-27 13:15:01,543
2016-12-27 13:20:01,533
2016-12-27 13:25:01,529
2016-12-27 13:30:02,536
2016-12-27 13:35:01,511
2016-12-27 13:40:01,496
2016-12-27 13:45:01,477
2016-12-27 13:50:01,483
2016-12-27 13:55:01,469
2016-12-27 14:00:01,462
2016-12-27 14:05:01,460
2016-12-27 14:10:01,473
2016-12-27 14:15:01,456
2016-12-27 14:20:01,374
2016-12-27 14:25:01,395
2016-12-27 14:30:01,348
2016-12-27 14:35:01,382
2016-12-27 14:40:01,386
2016-12-27 14:45:01,357
2016-12-27 14:50:01,355
2016-12-27 14:55:01,347
2016-12-27 15:00:01,320
2016-12-27 15:05:01,339
2016-12-27 15:10:01,266
2016-12-27 15:15:01,291
2016-12-27 15:20:01,264
2016-12-27 15:25:01,250
2016-12-27 15:30:01,237
2016-12-27 15:35:01,213
2016-12-27 15:40:01,188
2016-12-27 15:45:01,176
2016-12-27 15:50:01,171
2016-12-27 15:55:01,156
2016-12-27 16:00:01,144
2016-12-27 16:05:02,132
2016-12-27 16:10:01,105
2016-12-27 16:15:01,85
2016-12-27 16:20:01,70
2016-12-27 16:25:01,54
2016-12-27 16:30:01,45
2016-12-27 16:35:01,36
2016-12-27 16:40:01,30
2016-12-27 16:45:01,25
2016-12-27 16:50:01,20
2016-12-27 16:55:01,14
2016-12-28 09:25:01,17
2016-12-28 09:30:01,20
2016-12-28 09:35:01,21
2016-12-28 09:40:01,23
2016-12-28 09:45:01,25
2016-12-28 09:50:01,26
2016-12-28 09:55:01,28
2016-12-28 10:00:01,30
2016-12-28 10:05:01,31
2016-12-28 10:10:01,34
2016-12-28 10:15:01,35
2016-12-28 10:20:01,37
2016-12-28 10:25:01,47
2016-12-28 10:30:01,64
2016-12-28 10:35:01,242
2016-12-28 10:40:01,324
2016-12-28 10:45:01,347
2016-12-28 10:50:01,367
2016-12-28 10:55:01,390
2016-12-28 11:00:01,401
2016-12-28 11:05:01,331
2016-12-28 11:10:01,324
2016-12-28 11:15:01,329
2016-12-28 11:20:01,437
2016-12-28 11:25:01,497
2016-12-28 11:30:01,494
2016-12-28 11:35:01,352
2016-12-28 11:40:01,372
2016-12-28 11:45:01,533
2016-12-28 11:50:01,570
2016-12-28 11:55:01,544
2016-12-28 12:00:01,577
2016-12-28 12:05:01,332
2016-12-28 12:10:01,252
2016-12-28 12:15:01,115
2016-12-28 12:20:01,143
2016-12-28 12:25:01,412
2016-12-28 12:30:01,452
2016-12-28 12:35:01,373
2016-12-28 12:40:01,451
2016-12-28 12:45:01,353
2016-12-28 12:50:01,380
2016-12-28 12:55:01,669
2016-12-28 13:00:01,477
2016-12-28 13:05:01,636
2016-12-28 13:10:01,553
2016-12-28 13:15:01,570
2016-12-28 13:20:01,656
2016-12-28 13:25:01,424
2016-12-28 13:30:01,464
2016-12-28 13:35:01,482
2016-12-28 13:40:02,663
2016-12-28 13:45:01,534
2016-12-28 13:50:01,303
2016-12-28 13:55:01,157
2016-12-28 14:00:01,455
2016-12-28 14:05:01,266
2016-12-28 14:10:01,393
2016-12-28 14:15:01,329
2016-12-28 14:20:01,172
2016-12-28 14:25:01,171
2016-12-28 14:30:01,139
2016-12-28 14:35:01,153
2016-12-28 14:40:01,151
2016-12-28 14:45:01,214
2016-12-28 14:50:01,205
2016-12-28 14:55:01,134
2016-12-28 15:00:01,194
2016-12-28 15:05:01,438
2016-12-28 15:10:01,393
2016-12-28 15:15:01,367
2016-12-28 15:20:01,354
2016-12-28 15:25:01,290
2016-12-28 15:30:01,108
2016-12-28 15:35:01,94
2016-12-28 15:40:01,245
2016-12-28 15:45:01,109
2016-12-28 15:50:01,68
2016-12-28 15:55:01,82
2016-12-28 16:00:01,67
2016-12-28 16:05:01,45
2016-12-28 16:10:01,42
2016-12-28 16:15:01,38
2016-12-28 16:20:01,33
2016-12-28 16:25:01,22
2016-12-28 16:30:01,18
2016-12-28 16:35:01,15
2016-12-29 09:15:01,13
2016-12-29 09:20:01,15
2016-12-29 09:25:01,17
2016-12-29 09:30:01,19
2016-12-29 09:35:01,21
2016-12-29 09:40:01,22
2016-12-29 09:45:01,24
2016-12-29 09:50:01,26
2016-12-29 09:55:01,27
2016-12-29 10:00:01,29
2016-12-29 10:05:01,30
2016-12-29 10:10:01,31
2016-12-29 10:15:01,32
2016-12-29 10:20:01,33
2016-12-29 10:25:01,35
2016-12-29 10:30:01,40
2016-12-29 10:35:01,155
2016-12-29 10:40:01,216
2016-12-29 10:45:01,317
2016-12-29 10:50:01,335
2016-12-29 10:55:01,350
2016-12-29 11:00:01,366
2016-12-29 11:05:01,381
2016-12-29 11:10:01,397
2016-12-29 11:15:01,412
2016-12-29 11:20:01,422
2016-12-29 11:30:01,445
2016-12-29 11:35:01,455
2016-12-29 11:40:01,467
2016-12-29 11:45:01,475
2016-12-29 11:50:01,484
2016-12-29 11:55:01,489
2016-12-29 12:00:01,496
2016-12-29 12:05:01,505
2016-12-29 12:10:01,515
2016-12-29 12:15:01,518
2016-12-29 12:20:01,526
2016-12-29 12:25:01,533
2016-12-29 12:30:01,536
2016-12-29 12:35:01,539
2016-12-29 12:40:01,541
2016-12-29 12:45:01,543
2016-12-29 12:50:01,546
2016-12-29 12:55:01,546
2016-12-29 13:00:01,549
2016-12-29 13:05:01,543
2016-12-29 13:10:01,547
2016-12-29 13:15:01,547
2016-12-29 13:20:01,544
2016-12-29 13:25:01,542
2016-12-29 13:30:01,540
2016-12-29 13:35:01,537
2016-12-29 13:40:01,532
2016-12-29 13:45:01,529
2016-12-29 13:50:01,521
2016-12-29 13:55:01,513
2016-12-29 14:00:01,510
2016-12-29 14:05:01,496
2016-12-29 14:10:01,493
2016-12-29 14:15:01,482
2016-12-29 14:20:01,475
2016-12-29 14:25:01,464
2016-12-29 14:30:01,455
2016-12-29 14:35:01,441
2016-12-29 14:40:01,431
2016-12-29 14:45:01,416
2016-12-29 14:50:01,407
2016-12-29 14:55:01,392
2016-12-29 15:00:02,377
2016-12-29 15:05:01,362
2016-12-29 15:10:01,348
2016-12-29 15:15:01,329
2016-12-29 15:20:01,315
2016-12-29 15:25:01,301
2016-12-29 15:30:01,283
2016-12-29 15:35:01,266
2016-12-29 15:40:01,248
2016-12-29 15:45:01,231
2016-12-29 15:50:01,214
2016-12-29 15:55:01,198
2016-12-29 16:00:01,178
2016-12-29 16:05:01,152
2016-12-29 16:10:01,104
2016-12-29 16:15:01,78
2016-12-29 16:20:01,59
2016-12-29 16:25:01,33
2016-12-29 16:30:01,27
2016-12-29 16:35:01,23
2016-12-29 16:40:01,20
2016-12-30 09:35:01,11
2016-12-30 09:40:01,12
2016-12-30 09:45:01,15
2016-12-30 09:50:01,17
2016-12-30 09:55:01,20
2016-12-30 10:00:01,20
2016-12-30 10:05:01,22
2016-12-30 10:10:01,27
2016-12-30 10:15:01,27
2016-12-30 10:20:01,30
2016-12-30 10:25:01,33
2016-12-30 10:30:01,39
2016-12-30 10:35:01,40
2016-12-30 10:40:01,39
2016-12-30 10:45:01,44
2016-12-30 10:50:01,52
2016-12-30 10:55:01,46
2016-12-30 11:00:01,49
2016-12-30 11:05:01,51
2016-12-30 11:10:01,58
2016-12-30 11:15:01,54
2016-12-30 11:20:01,54
2016-12-30 11:25:01,60
2016-12-30 11:30:01,60
2016-12-30 11:35:01,61
2016-12-30 11:40:01,64
2016-12-30 11:45:01,65
2016-12-30 11:50:01,69
2016-12-30 11:55:01,71
2016-12-30 12:00:01,75
2016-12-30 12:05:01,77
2016-12-30 12:10:01,72
2016-12-30 12:15:01,92
2016-12-30 12:20:01,97
2016-12-30 12:25:01,94
2016-12-30 12:30:01,95
2016-12-30 12:35:01,96
2016-12-30 12:40:01,101
2016-12-30 12:45:01,112
2016-12-30 12:50:01,105
2016-12-30 12:55:01,124
2016-12-30 13:00:01,131
2016-12-30 13:05:01,98
2016-12-30 13:10:01,95
2016-12-30 13:15:01,115
2016-12-30 13:20:01,116
2016-12-30 13:25:01,126
2016-12-30 13:30:01,127
2016-12-30 13:35:01,106
2016-12-30 13:40:01,98
2016-12-30 13:45:01,84
2016-12-30 13:50:01,89
2016-12-30 13:55:01,70
2016-12-30 14:00:01,81
2016-12-30 14:05:01,82
2016-12-30 14:10:02,75
2016-12-30 14:15:01,79
2016-12-30 14:20:01,75
2016-12-30 14:25:01,77
2016-12-30 14:30:01,73
2016-12-30 14:35:01,74
2016-12-30 14:40:01,66
2016-12-30 14:45:01,72
2016-12-30 14:50:01,71
2016-12-30 14:55:01,67
2016-12-30 15:00:01,60
2016-12-30 15:05:01,61
2016-12-30 15:10:01,59
2016-12-30 15:15:01,47
2016-12-30 15:20:01,47
2016-12-30 15:25:01,40
2016-12-30 15:30:01,37
2016-12-30 15:35:01,34
2016-12-30 15:40:01,36
2016-12-30 15:45:01,30
2016-12-30 15:50:01,24
2016-12-30 15:55:01,24
2016-12-30 16:00:01,23
2016-12-30 16:05:01,17
2016-12-30 16:10:01,18
2016-12-30 16:15:01,14
2016-12-30 16:20:01,14
2016-12-31 09:55:01,14
2016-12-31 10:00:01,18
2016-12-31 10:10:01,20
2016-12-31 10:15:01,20
2016-12-31 10:20:01,20
2016-12-31 10:25:01,21
2016-12-31 10:30:01,22
2016-12-31 10:35:01,25
2016-12-31 10:40:01,28
2016-12-31 10:45:01,27
2016-12-31 10:50:01,29
2016-12-31 10:55:01,30
2016-12-31 11:00:01,31
2016-12-31 11:05:01,34
2016-12-31 11:10:01,36
2016-12-31 11:15:01,44
2016-12-31 11:20:01,41
2016-12-31 11:25:01,40
2016-12-31 11:30:01,40
2016-12-31 11:35:01,44
2016-12-31 11:40:01,47
2016-12-31 11:45:01,46
2016-12-31 11:50:01,47
2016-12-31 11:55:01,51
2016-12-31 12:00:01,55
2016-12-31 12:05:01,50
2016-12-31 12:10:01,49
2016-12-31 12:15:01,55
2016-12-31 12:20:01,52
2016-12-31 12:25:01,52
2016-12-31 12:30:01,59
2016-12-31 12:35:01,60
2016-12-31 12:40:01,62
2016-12-31 12:45:01,57
2016-12-31 12:50:01,54
2016-12-31 12:55:01,53
2016-12-31 13:00:01,54
2016-12-31 13:05:01,52
2016-12-31 13:10:01,53
2016-12-31 13:15:01,55
2016-12-31 13:20:01,59
2016-12-31 13:25:01,70
2016-12-31 13:30:01,70
2016-12-31 13:35:01,60
2016-12-31 13:40:01,58
2016-12-31 13:45:01,53
2016-12-31 13:50:01,59
2016-12-31 13:55:01,57
2016-12-31 14:00:01,56
2016-12-31 14:05:01,58
2016-12-31 14:10:01,61
2016-12-31 14:15:01,56
2016-12-31 14:20:01,57
2016-12-31 14:25:01,55
2016-12-31 14:30:01,60
2016-12-31 14:35:01,63
2016-12-31 14:40:01,57
2016-12-31 14:45:01,59
2016-12-31 14:50:01,65
2016-12-31 14:55:01,59
2016-12-31 15:00:01,51
2016-12-31 15:05:01,47
2016-12-31 15:10:01,45
2016-12-31 15:15:01,39
2016-12-31 15:20:01,35
2016-12-31 15:25:01,33
2016-12-31 15:30:01,34
2016-12-31 15:35:01,31
2016-12-31 15:40:01,33
2016-12-31 15:45:01,27
2016-12-31 15:50:01,27
2016-12-31 15:55:01,25
2016-12-31 16:00:01,21
2016-12-31 16:05:01,22
2016-12-31 16:10:01,19
2016-12-31 16:15:01,18
