timestamp,interval_in_seconds,solar_irradiance_in_W_m2
2016-05-25 08:50:01,3627900,189.0
2016-05-25 08:55:01,3628200,208.0
2016-05-25 09:00:01,3628500,231.0
2016-05-25 09:05:01,3628800,264.0
2016-05-25 09:10:01,3629100,317.0
2016-05-25 09:15:01,3629400,338.0
2016-05-25 09:20:01,3629700,374.0
2016-05-25 09:25:01,3630000,370.0
2016-05-25 09:30:01,3630300,360.0
2016-05-25 09:35:01,3630600,369.0
2016-05-25 09:40:01,3630900,393.0
2016-05-25 09:45:01,3631200,433.0
2016-05-25 09:50:01,3631500,481.0
2016-05-25 09:55:01,3631800,471.0
2016-05-25 10:00:01,3632100,481.0
2016-05-25 10:05:01,3632400,283.0
2016-05-25 10:10:01,3632700,565.0
2016-05-25 10:15:01,3633000,329.0
2016-05-25 10:20:01,3633300,572.0
2016-05-25 10:25:01,3633600,625.0
2016-05-25 10:30:01,3633900,653.0
2016-05-25 10:35:01,3634200,297.0
2016-05-25 10:40:01,3634500,444.0
2016-05-25 10:45:01,3634800,538.0
2016-05-25 10:50:01,3635100,379.0
2016-05-25 10:55:01,3635400,368.0
2016-05-25 11:00:01,3635700,350.0
2016-05-25 11:05:01,3636000,438.0
2016-05-25 11:10:01,3636300,495.0
2016-05-25 11:15:01,3636600,803.0
2016-05-25 11:20:01,3636900,420.0
2016-05-25 11:25:01,3637200,957.0
2016-05-25 11:30:01,3637500,523.0
2016-05-25 11:35:01,3637800,467.0
2016-05-25 11:40:01,3638100,590.0
2016-05-25 11:45:01,3638400,585.0
2016-05-25 11:50:01,3638700,421.0
2016-05-25 11:55:01,3639000,867.0
2016-05-25 12:00:01,3639300,1228.0
2016-05-25 12:05:01,3639600,492.0
2016-05-25 12:10:01,3639900,444.0
2016-05-25 12:15:01,3640200,627.0
2016-05-25 12:20:01,3640500,401.0
2016-05-25 12:25:01,3640800,421.0
2016-05-25 12:30:01,3641100,470.0
2016-05-25 12:35:01,3641400,422.0
2016-05-25 12:40:01,3641700,425.0
2016-05-25 12:45:01,3642000,858.0
2016-05-25 12:50:01,3642300,852.0
2016-05-25 12:55:01,3642600,427.0
2016-05-25 13:00:01,3642900,371.0
2016-05-25 13:05:01,3643200,803.0
2016-05-25 13:10:01,3643500,1167.0
2016-05-25 13:15:01,3643800,454.0
2016-05-25 13:20:01,3644100,459.0
2016-05-25 13:25:01,3644400,494.0
2016-05-25 13:30:01,3644700,574.0
2016-05-25 13:35:01,3645000,959.0
2016-05-25 13:40:01,3645300,649.0
2016-05-25 13:45:01,3645600,542.0
2016-05-25 13:50:01,3645900,556.0
2016-05-25 13:55:01,3646200,572.0
2016-05-25 14:00:01,3646500,611.0
2016-05-25 14:05:01,3646800,687.0
2016-05-25 14:10:01,3647100,810.0
2016-05-25 14:15:01,3647400,764.0
2016-05-25 14:20:01,3647700,925.0
2016-05-25 14:25:02,3648000,1078.0
2016-05-25 14:30:01,3648300,1027.0
2016-05-25 14:35:01,3648600,816.0
2016-05-25 14:40:01,3648900,1422.0
2016-05-25 14:45:01,3649200,976.0
2016-05-25 14:50:01,3649500,659.0
2016-05-25 14:55:01,3649800,538.0
2016-05-25 15:00:01,3650100,475.0
2016-05-25 15:05:01,3650400,486.0
2016-05-25 15:10:01,3650700,490.0
2016-05-25 15:15:01,3651000,465.0
2016-05-25 15:20:01,3651300,451.0
2016-05-25 15:25:01,3651600,500.0
2016-05-25 15:30:01,3651900,716.0
2016-05-25 15:35:01,3652200,708.0
2016-05-25 15:40:01,3652500,577.0
2016-05-25 15:45:01,3652800,382.0
2016-05-25 15:50:01,3653100,373.0
2016-05-25 15:55:01,3653400,324.0
2016-05-25 16:00:01,3653700,249.0
2016-05-25 16:05:01,3654000,216.0
2016-05-25 16:10:01,3654300,246.0
2016-05-25 16:15:01,3654600,311.0
2016-05-25 16:20:01,3654900,447.0
2016-05-25 16:25:01,3655200,467.0
2016-05-25 16:30:01,3655500,396.0
2016-05-25 16:35:01,3655800,381.0
2016-05-25 16:40:01,3656100,395.0
2016-05-25 16:45:01,3656400,667.0
2016-05-25 16:50:01,3656700,740.0
2016-05-25 16:55:01,3657000,1017.0
2016-05-25 17:00:01,3657300,774.0
2016-05-25 17:05:01,3657600,925.0
2016-05-25 17:10:01,3657900,893.0
2016-05-25 17:15:01,3658200,470.0
2016-05-25 17:20:01,3658500,356.0
2016-05-25 17:25:01,3658800,608.0
2016-05-25 17:30:01,3659100,482.0
2016-05-25 17:35:01,3659400,613.0
2016-05-25 17:40:01,3659700,478.0
2016-05-25 17:45:01,3660000,336.0
2016-05-25 17:50:01,3660300,291.0
2016-05-25 17:55:01,3660600,242.0
2016-05-25 18:00:01,3660900,219.0
2016-05-25 18:05:01,3661200,213.0
2016-05-25 18:10:01,3661500,204.0
2016-05-25 18:15:01,3661800,203.0
2016-05-25 18:20:01,3662100,193.0
2016-05-25 18:25:01,3662400,198.0
2016-05-25 18:30:01,3662700,205.0
2016-05-25 18:35:01,3663000,491.0
2016-05-25 18:40:01,3663300,453.0
2016-05-25 18:45:01,3663600,163.0
2016-05-25 18:50:01,3663900,138.0
2016-05-25 18:55:01,3664200,150.0
2016-05-25 19:00:01,3664500,132.0
2016-05-25 19:05:01,3664800,125.0
2016-05-25 19:10:01,3665100,110.0
2016-05-25 19:15:01,3665400,128.0
2016-05-25 19:20:01,3665700,119.0
2016-05-25 19:25:01,3666000,72.0
2016-05-25 19:30:01,3666300,46.0
2016-05-25 19:35:01,3666600,26.0
2016-05-25 19:40:01,3666900,0.0
2016-05-25 19:45:01,3667200,0.0
2016-05-25 19:50:01,3667500,0.0
2016-05-25 19:55:01,3667800,0.0
2016-05-25 20:00:01,3668100,0.0
2016-05-25 20:05:01,3668400,0.0
2016-05-25 20:10:01,3668700,0.0
2016-05-25 20:15:01,3669000,0.0
2016-05-25 20:20:01,3669300,12.0
2016-05-25 20:25:01,3669600,29.0
2016-05-25 20:30:01,3669900,43.0
2016-05-25 20:35:01,3670200,56.0
2016-05-25 20:40:01,3670500,43.0
2016-05-25 20:45:01,3670800,27.0
2016-05-25 20:50:01,3671100,20.0
2016-05-25 20:55:01,3671400,21.0
2016-05-25 21:00:01,3671700,18.0
2016-05-25 21:05:01,3672000,15.0
2016-05-25 21:10:01,3672300,15.0
2016-05-25 21:15:01,3672600,15.0
2016-05-25 21:20:01,3672900,0.0
2016-05-25 21:25:01,3673200,0.0
2016-05-25 21:30:01,3673500,0.0
2016-05-25 21:35:01,3673800,0.0
2016-05-25 21:40:01,3674100,0.0
2016-05-25 21:45:01,3674400,0.0
2016-05-25 21:50:01,3674700,0.0
2016-05-25 21:55:01,3675000,0.0
2016-05-25 22:00:01,3675300,0.0
2016-05-25 22:05:01,3675600,0.0
2016-05-25 22:10:01,3675900,0.0
2016-05-25 22:15:01,3676200,0.0
2016-05-25 22:20:01,3676500,0.0
2016-05-25 22:25:01,3676800,0.0
2016-05-25 22:30:01,3677100,0.0
2016-05-25 22:35:01,3677400,0.0
2016-05-25 22:40:01,3677700,0.0
2016-05-25 22:45:01,3678000,0.0
2016-05-25 22:50:01,3678300,0.0
2016-05-25 22:55:01,3678600,0.0
2016-05-25 23:00:01,3678900,0.0
2016-05-25 23:05:01,3679200,0.0
2016-05-25 23:10:01,3679500,0.0
2016-05-25 23:15:01,3679800,0.0
2016-05-25 23:20:01,3680100,0.0
2016-05-25 23:25:01,3680400,0.0
2016-05-25 23:30:01,3680700,0.0
2016-05-25 23:35:01,3681000,0.0
2016-05-25 23:40:01,3681300,0.0
2016-05-25 23:45:01,3681600,0.0
2016-05-25 23:50:01,3681900,0.0
2016-05-25 23:55:01,3682200,0.0
2016-05-26 00:00:01,3682500,0.0
2016-05-26 00:05:01,3682800,0.0
2016-05-26 00:10:01,3683100,0.0
2016-05-26 00:15:01,3683400,0.0
2016-05-26 00:20:01,3683700,0.0
2016-05-26 00:25:01,3684000,0.0
2016-05-26 00:30:01,3684300,0.0
2016-05-26 00:35:01,3684600,0.0
2016-05-26 00:40:01,3684900,0.0
2016-05-26 00:45:01,3685200,0.0
2016-05-26 00:50:01,3685500,0.0
2016-05-26 00:55:01,3685800,0.0
2016-05-26 01:00:01,3686100,0.0
2016-05-26 01:05:01,3686400,0.0
2016-05-26 01:10:01,3686700,0.0
2016-05-26 01:15:01,3687000,0.0
2016-05-26 01:20:01,3687300,0.0
2016-05-26 01:25:01,3687600,0.0
2016-05-26 01:30:01,3687900,0.0
2016-05-26 01:35:01,3688200,0.0
2016-05-26 01:40:01,3688500,0.0
2016-05-26 01:45:01,3688800,0.0
2016-05-26 01:50:01,3689100,0.0
2016-05-26 01:55:01,3689400,0.0
2016-05-26 02:00:01,3689700,0.0
2016-05-26 02:05:01,3690000,0.0
2016-05-26 02:10:01,3690300,0.0
2016-05-26 02:15:01,3690600,0.0
2016-05-26 02:20:01,3690900,0.0
2016-05-26 02:25:01,3691200,0.0
2016-05-26 02:30:01,3691500,0.0
2016-05-26 02:35:01,3691800,0.0
2016-05-26 02:40:01,3692100,0.0
2016-05-26 02:45:01,3692400,0.0
2016-05-26 02:50:01,3692700,0.0
2016-05-26 02:55:01,3693000,0.0
2016-05-26 03:00:01,3693300,0.0
2016-05-26 03:05:01,3693600,0.0
2016-05-26 03:10:01,3693900,0.0
2016-05-26 03:15:01,3694200,0.0
2016-05-26 03:20:01,3694500,0.0
2016-05-26 03:25:01,3694800,0.0
2016-05-26 03:30:01,3695100,0.0
2016-05-26 03:35:01,3695400,0.0
2016-05-26 03:40:01,3695700,0.0
2016-05-26 03:45:01,3696000,0.0
2016-05-26 03:50:01,3696300,0.0
2016-05-26 03:55:01,3696600,0.0
2016-05-26 04:00:01,3696900,0.0
2016-05-26 04:05:01,3697200,0.0
2016-05-26 04:10:01,3697500,0.0
2016-05-26 04:15:01,3697800,0.0
2016-05-26 04:20:01,3698100,0.0
2016-05-26 04:25:01,3698400,0.0
2016-05-26 04:30:01,3698700,0.0
2016-05-26 04:35:01,3699000,0.0
2016-05-26 04:40:01,3699300,0.0
2016-05-26 04:45:01,3699600,0.0
2016-05-26 04:50:01,3699900,0.0
2016-05-26 04:55:01,3700200,0.0
2016-05-26 05:00:01,3700500,0.0
2016-05-26 05:05:01,3700800,0.0
2016-05-26 05:10:01,3701100,0.0
2016-05-26 05:15:01,3701400,0.0
2016-05-26 05:20:01,3701700,0.0
2016-05-26 05:25:01,3702000,0.0
2016-05-26 05:30:01,3702300,0.0
2016-05-26 05:35:01,3702600,0.0
2016-05-26 05:40:01,3702900,0.0
2016-05-26 05:45:01,3703200,0.0
2016-05-26 05:50:01,3703500,0.0
2016-05-26 05:55:01,3703800,0.0
2016-05-26 06:00:01,3704100,0.0
2016-05-26 06:05:01,3704400,0.0
2016-05-26 06:10:01,3704700,0.0
2016-05-26 06:15:01,3705000,0.0
2016-05-26 06:20:01,3705300,0.0
2016-05-26 06:25:01,3705600,0.0
2016-05-26 06:30:01,3705900,0.0
2016-05-26 06:35:01,3706200,0.0
2016-05-26 06:40:01,3706500,0.0
2016-05-26 06:45:01,3706800,0.0
2016-05-26 06:50:01,3707100,0.0
2016-05-26 06:55:01,3707400,0.0
2016-05-26 07:00:01,3707700,14.0
2016-05-26 07:05:01,3708000,18.0
2016-05-26 07:10:01,3708300,20.0
2016-05-26 07:15:01,3708600,23.0
2016-05-26 07:20:01,3708900,26.0
2016-05-26 07:25:01,3709200,29.0
2016-05-26 07:30:01,3709500,31.0
2016-05-26 07:35:01,3709800,33.0
2016-05-26 07:40:01,3710100,35.0
2016-05-26 07:45:01,3710400,39.0
2016-05-26 07:50:01,3710700,43.0
2016-05-26 07:55:01,3711000,46.0
2016-05-26 08:00:01,3711300,52.0
2016-05-26 08:05:01,3711600,61.0
2016-05-26 08:10:01,3711900,69.0
2016-05-26 08:15:01,3712200,77.0
2016-05-26 08:20:01,3712500,89.0
2016-05-26 08:25:01,3712800,133.0
2016-05-26 08:30:01,3713100,156.0
2016-05-26 08:35:01,3713400,140.0
2016-05-26 08:40:01,3713700,132.0
2016-05-26 08:45:01,3714000,118.0
2016-05-26 08:50:01,3714300,139.0
2016-05-26 08:55:01,3714600,194.0
2016-05-26 09:00:01,3714900,231.0
2016-05-26 09:05:01,3715200,265.0
2016-05-26 09:10:01,3715500,295.0
2016-05-26 09:15:01,3715800,287.0
2016-05-26 09:20:01,3716100,329.0
2016-05-26 09:25:01,3716400,288.0
2016-05-26 09:30:01,3716700,397.0
2016-05-26 09:35:01,3717000,404.0
2016-05-26 09:40:01,3717300,356.0
2016-05-26 09:45:01,3717600,454.0
2016-05-26 09:50:01,3717900,485.0
2016-05-26 09:55:01,3718200,512.0
2016-05-26 10:00:01,3718500,497.0
2016-05-26 10:05:01,3718800,437.0
2016-05-26 10:10:01,3719100,395.0
2016-05-26 10:15:01,3719400,436.0
2016-05-26 10:20:01,3719700,375.0
2016-05-26 10:25:01,3720000,511.0
2016-05-26 10:30:01,3720300,521.0
2016-05-26 10:35:01,3720600,490.0
2016-05-26 10:40:01,3720900,611.0
2016-05-26 10:45:01,3721200,593.0
2016-05-26 10:50:01,3721500,697.0
2016-05-26 10:55:01,3721800,738.0
2016-05-26 11:00:01,3722100,742.0
2016-05-26 11:05:01,3722400,758.0
2016-05-26 11:10:01,3722700,546.0
2016-05-26 11:15:01,3723000,791.0
2016-05-26 11:20:01,3723300,824.0
2016-05-26 11:25:01,3723600,861.0
2016-05-26 11:30:01,3723900,563.0
2016-05-26 11:35:01,3724200,573.0
2016-05-26 11:40:01,3724500,462.0
2016-05-26 11:45:01,3724800,569.0
2016-05-26 11:50:01,3725100,507.0
2016-05-26 11:55:01,3725400,907.0
2016-05-26 12:00:01,3725700,479.0
2016-05-26 12:05:01,3726000,495.0
2016-05-26 12:10:01,3726300,363.0
2016-05-26 12:15:01,3726600,368.0
2016-05-26 12:20:01,3726900,381.0
2016-05-26 12:25:01,3727200,341.0
2016-05-26 12:30:01,3727500,298.0
2016-05-26 12:35:01,3727800,304.0
2016-05-26 12:40:01,3728100,326.0
2016-05-26 12:45:01,3728400,213.0
2016-05-26 12:50:01,3728700,261.0
2016-05-26 12:55:01,3729000,224.0
2016-05-26 13:00:01,3729300,187.0
2016-05-26 13:05:01,3729600,180.0
2016-05-26 13:10:01,3729900,172.0
2016-05-26 13:15:01,3730200,149.0
2016-05-26 13:20:01,3730500,145.0
2016-05-26 13:25:01,3730800,168.0
2016-05-26 13:30:01,3731100,190.0
2016-05-26 13:35:01,3731400,181.0
2016-05-26 13:40:01,3731700,156.0
2016-05-26 13:45:01,3732000,165.0
2016-05-26 13:50:01,3732300,160.0
2016-05-26 13:55:01,3732600,128.0
2016-05-26 14:00:01,3732900,106.0
2016-05-26 14:05:01,3733200,98.0
2016-05-26 14:10:01,3733500,82.0
2016-05-26 14:15:01,3733800,91.0
2016-05-26 14:20:01,3734100,99.0
2016-05-26 14:25:01,3734400,110.0
2016-05-26 14:30:01,3734700,121.0
2016-05-26 14:35:01,3735000,142.0
2016-05-26 14:40:01,3735300,152.0
2016-05-26 14:45:01,3735600,191.0
2016-05-26 14:50:01,3735900,209.0
2016-05-26 14:55:01,3736200,249.0
2016-05-26 15:00:01,3736500,166.0
2016-05-26 15:05:01,3736800,175.0
2016-05-26 15:10:01,3737100,162.0
2016-05-26 15:15:01,3737400,150.0
2016-05-26 15:20:01,3737700,170.0
2016-05-26 15:25:01,3738000,170.0
2016-05-26 15:30:01,3738300,205.0
2016-05-26 15:35:01,3738600,214.0
2016-05-26 15:40:01,3738900,271.0
2016-05-26 15:45:01,3739200,319.0
2016-05-26 15:50:01,3739500,240.0
2016-05-26 15:55:01,3739800,221.0
2016-05-26 16:00:01,3740100,259.0
2016-05-26 16:05:01,3740400,255.0
2016-05-26 16:10:02,3740700,252.0
2016-05-26 16:15:01,3741000,235.0
2016-05-26 16:20:01,3741300,204.0
2016-05-26 16:25:01,3741600,189.0
2016-05-26 16:30:01,3741900,165.0
2016-05-26 16:35:01,3742200,149.0
2016-05-26 16:40:01,3742500,140.0
2016-05-26 16:45:01,3742800,138.0
2016-05-26 16:50:01,3743100,149.0
2016-05-26 16:55:01,3743400,170.0
2016-05-26 17:00:01,3743700,174.0
2016-05-26 17:05:01,3744000,175.0
2016-05-26 17:10:01,3744300,166.0
2016-05-26 17:15:01,3744600,168.0
2016-05-26 17:20:01,3744900,175.0
2016-05-26 17:25:01,3745200,172.0
2016-05-26 17:30:01,3745500,153.0
2016-05-26 17:35:01,3745800,106.0
2016-05-26 17:40:01,3746100,87.0
2016-05-26 17:45:01,3746400,96.0
2016-05-26 17:50:01,3746700,131.0
2016-05-26 17:55:01,3747000,225.0
2016-05-26 18:00:01,3747300,230.0
2016-05-26 18:05:01,3747600,175.0
2016-05-26 18:10:01,3747900,137.0
2016-05-26 18:15:01,3748200,110.0
2016-05-26 18:20:01,3748500,102.0
2016-05-26 18:25:01,3748800,109.0
2016-05-26 18:30:01,3749100,103.0
2016-05-26 18:35:01,3749400,114.0
2016-05-26 18:40:01,3749700,98.0
2016-05-26 18:45:01,3750000,105.0
2016-05-26 18:50:01,3750300,66.0
2016-05-26 18:55:01,3750600,62.0
2016-05-26 19:00:01,3750900,60.0
2016-05-26 19:05:01,3751200,66.0
2016-05-26 19:10:01,3751500,71.0
2016-05-26 19:15:01,3751800,68.0
2016-05-26 19:20:01,3752100,72.0
2016-05-26 19:25:01,3752400,88.0
2016-05-26 19:30:01,3752700,108.0
2016-05-26 19:35:01,3753000,101.0
2016-05-26 19:40:01,3753300,91.0
2016-05-26 19:45:01,3753600,66.0
2016-05-26 19:50:01,3753900,49.0
2016-05-26 19:55:01,3754200,54.0
2016-05-26 20:00:01,3754500,40.0
2016-05-26 20:05:01,3754800,30.0
2016-05-26 20:10:01,3755100,24.0
2016-05-26 20:15:01,3755400,18.0
2016-05-26 20:20:01,3755700,14.0
2016-05-26 20:25:01,3756000,16.0
2016-05-26 20:30:01,3756300,20.0
2016-05-26 20:35:01,3756600,23.0
2016-05-26 20:40:01,3756900,26.0
2016-05-26 20:45:01,3757200,25.0
2016-05-26 20:50:01,3757500,19.0
2016-05-26 20:55:01,3757800,16.0
2016-05-26 21:00:01,3758100,0.0
2016-05-26 21:05:01,3758400,0.0
2016-05-26 21:10:01,3758700,0.0
2016-05-26 21:15:01,3759000,0.0
2016-05-26 21:20:01,3759300,0.0
2016-05-26 21:25:01,3759600,0.0
2016-05-26 21:30:01,3759900,0.0
2016-05-26 21:35:01,3760200,0.0
2016-05-26 21:40:01,3760500,0.0
2016-05-26 21:45:01,3760800,0.0
2016-05-26 21:50:01,3761100,0.0
2016-05-26 21:55:01,3761400,0.0
2016-05-26 22:00:01,3761700,0.0
2016-05-26 22:05:01,3762000,0.0
2016-05-26 22:10:01,3762300,0.0
2016-05-26 22:15:01,3762600,0.0
2016-05-26 22:20:01,3762900,0.0
2016-05-26 22:25:01,3763200,0.0
2016-05-26 22:30:01,3763500,0.0
2016-05-26 22:35:01,3763800,0.0
2016-05-26 22:40:01,3764100,0.0
2016-05-26 22:45:01,3764400,0.0
2016-05-26 22:50:01,3764700,0.0
2016-05-26 22:55:01,3765000,0.0
2016-05-26 23:00:01,3765300,0.0
2016-05-26 23:05:01,3765600,0.0
2016-05-26 23:10:01,3765900,0.0
2016-05-26 23:15:01,3766200,0.0
2016-05-26 23:20:01,3766500,0.0
2016-05-26 23:25:01,3766800,0.0
2016-05-26 23:30:01,3767100,0.0
2016-05-26 23:35:01,3767400,0.0
2016-05-26 23:40:01,3767700,0.0
2016-05-26 23:45:01,3768000,0.0
2016-05-26 23:50:01,3768300,0.0
2016-05-26 23:55:01,3768600,0.0
2016-05-27 00:00:01,3768900,0.0
2016-05-27 00:05:01,3769200,0.0
2016-05-27 00:10:01,3769500,0.0
2016-05-27 00:15:01,3769800,0.0
2016-05-27 00:20:01,3770100,0.0
2016-05-27 00:25:01,3770400,0.0
2016-05-27 00:30:01,3770700,0.0
2016-05-27 00:35:01,3771000,0.0
2016-05-27 00:40:01,3771300,0.0
2016-05-27 00:45:01,3771600,0.0
2016-05-27 00:50:01,3771900,0.0
2016-05-27 00:55:01,3772200,0.0
2016-05-27 01:00:01,3772500,0.0
2016-05-27 01:05:01,3772800,0.0
2016-05-27 01:10:01,3773100,0.0
2016-05-27 01:15:01,3773400,0.0
2016-05-27 01:20:01,3773700,0.0
2016-05-27 01:25:01,3774000,0.0
2016-05-27 01:30:01,3774300,0.0
2016-05-27 01:35:01,3774600,0.0
2016-05-27 01:40:01,3774900,0.0
2016-05-27 01:45:01,3775200,0.0
2016-05-27 01:50:01,3775500,0.0
2016-05-27 01:55:01,3775800,0.0
2016-05-27 02:00:01,3776100,0.0
2016-05-27 02:05:01,3776400,0.0
2016-05-27 02:10:01,3776700,0.0
2016-05-27 02:15:01,3777000,0.0
2016-05-27 02:20:01,3777300,0.0
2016-05-27 02:25:01,3777600,0.0
2016-05-27 02:30:01,3777900,0.0
2016-05-27 02:35:01,3778200,0.0
2016-05-27 02:40:01,3778500,0.0
2016-05-27 02:45:01,3778800,0.0
2016-05-27 02:50:01,3779100,0.0
2016-05-27 02:55:01,3779400,0.0
2016-05-27 03:00:01,3779700,0.0
2016-05-27 03:05:01,3780000,0.0
2016-05-27 03:10:01,3780300,0.0
2016-05-27 03:15:01,3780600,0.0
2016-05-27 03:20:01,3780900,0.0
2016-05-27 03:25:01,3781200,0.0
2016-05-27 03:30:01,3781500,0.0
2016-05-27 03:35:01,3781800,0.0
2016-05-27 03:40:01,3782100,0.0
2016-05-27 03:45:01,3782400,0.0
2016-05-27 03:50:01,3782700,0.0
2016-05-27 03:55:01,3783000,0.0
2016-05-27 04:00:01,3783300,0.0
2016-05-27 04:05:01,3783600,0.0
2016-05-27 04:10:01,3783900,0.0
2016-05-27 04:15:01,3784200,0.0
2016-05-27 04:20:01,3784500,0.0
2016-05-27 04:25:01,3784800,0.0
2016-05-27 04:30:01,3785100,0.0
2016-05-27 04:35:01,3785400,0.0
2016-05-27 04:40:01,3785700,0.0
2016-05-27 04:45:01,3786000,0.0
2016-05-27 04:50:01,3786300,0.0
2016-05-27 04:55:01,3786600,0.0
2016-05-27 05:00:01,3786900,0.0
2016-05-27 05:05:01,3787200,0.0
2016-05-27 05:10:01,3787500,0.0
2016-05-27 05:15:01,3787800,0.0
2016-05-27 05:20:01,3788100,0.0
2016-05-27 05:25:01,3788400,0.0
2016-05-27 05:30:01,3788700,0.0
2016-05-27 05:35:01,3789000,0.0
2016-05-27 05:40:01,3789300,0.0
2016-05-27 05:45:01,3789600,0.0
2016-05-27 05:50:01,3789900,0.0
2016-05-27 05:55:01,3790200,0.0
2016-05-27 06:00:01,3790500,0.0
2016-05-27 06:05:01,3790800,0.0
2016-05-27 06:10:01,3791100,0.0
2016-05-27 06:15:01,3791400,0.0
2016-05-27 06:20:01,3791700,0.0
2016-05-27 06:25:01,3792000,0.0
2016-05-27 06:30:01,3792300,0.0
2016-05-27 06:35:01,3792600,0.0
2016-05-27 06:40:01,3792900,0.0
2016-05-27 06:45:01,3793200,0.0
2016-05-27 06:50:01,3793500,0.0
2016-05-27 06:55:01,3793800,0.0
2016-05-27 07:00:01,3794100,17.0
2016-05-27 07:05:01,3794400,19.0
2016-05-27 07:10:01,3794700,22.0
2016-05-27 07:15:01,3795000,24.0
2016-05-27 07:20:01,3795300,28.0
2016-05-27 07:25:01,3795600,30.0
2016-05-27 07:30:01,3795900,31.0
2016-05-27 07:35:01,3796200,33.0
2016-05-27 07:40:01,3796500,36.0
2016-05-27 07:45:01,3796800,39.0
2016-05-27 07:50:01,3797100,41.0
2016-05-27 07:55:01,3797400,43.0
2016-05-27 08:00:01,3797700,48.0
2016-05-27 08:05:01,3798000,49.0
2016-05-27 08:10:01,3798300,51.0
2016-05-27 08:15:01,3798600,0.0
2016-05-27 08:20:01,3798900,51.0
2016-05-27 08:25:01,3799200,56.0
2016-05-27 08:30:01,3799500,57.0
2016-05-27 08:35:01,3799800,75.0
2016-05-27 08:40:01,3800100,62.0
2016-05-27 08:45:01,3800400,81.0
2016-05-27 08:50:01,3800700,174.0
2016-05-27 08:55:01,3801000,192.0
2016-05-27 09:00:01,3801300,213.0
2016-05-27 09:05:01,3801600,235.0
2016-05-27 09:10:01,3801900,256.0
2016-05-27 09:15:01,3802200,281.0
2016-05-27 09:20:01,3802500,305.0
2016-05-27 09:25:01,3802800,326.0
2016-05-27 09:30:01,3803100,347.0
2016-05-27 09:35:01,3803400,369.0
2016-05-27 09:40:01,3803700,391.0
2016-05-27 09:45:01,3804000,411.0
2016-05-27 09:50:01,3804300,431.0
2016-05-27 09:55:01,3804600,449.0
2016-05-27 10:00:01,3804900,476.0
2016-05-27 10:05:01,3805200,550.0
2016-05-27 10:10:01,3805500,184.0
2016-05-27 10:15:01,3805800,564.0
2016-05-27 10:20:01,3806100,564.0
2016-05-27 10:25:01,3806400,582.0
2016-05-27 10:30:01,3806700,602.0
2016-05-27 10:35:01,3807000,618.0
2016-05-27 10:40:01,3807300,636.0
2016-05-27 10:45:01,3807600,657.0
2016-05-27 10:50:01,3807900,680.0
2016-05-27 10:55:01,3808200,700.0
2016-05-27 11:00:01,3808500,720.0
2016-05-27 11:05:01,3808800,737.0
2016-05-27 11:10:01,3809100,761.0
2016-05-27 11:15:01,3809400,782.0
2016-05-27 11:20:01,3809700,813.0
2016-05-27 11:25:01,3810000,853.0
2016-05-27 11:30:01,3810300,596.0
2016-05-27 11:35:01,3810600,645.0
2016-05-27 11:40:01,3810900,808.0
2016-05-27 11:45:01,3811200,772.0
2016-05-27 11:50:01,3811500,826.0
2016-05-27 11:55:01,3811800,894.0
2016-05-27 12:00:01,3812100,789.0
2016-05-27 12:05:01,3812400,968.0
2016-05-27 12:10:01,3812700,767.0
2016-05-27 12:15:01,3813000,993.0
2016-05-27 12:20:01,3813300,977.0
2016-05-27 12:25:01,3813600,915.0
2016-05-27 12:30:01,3813900,974.0
2016-05-27 12:35:01,3814200,1032.0
2016-05-27 12:40:01,3814500,996.0
2016-05-27 12:45:01,3814800,1093.0
2016-05-27 12:50:01,3815100,859.0
2016-05-27 12:55:01,3815400,1060.0
2016-05-27 13:00:01,3815700,1082.0
2016-05-27 13:05:01,3816000,1123.0
2016-05-27 13:10:01,3816300,1126.0
2016-05-27 13:15:02,3816600,1037.0
2016-05-27 13:20:01,3816900,999.0
2016-05-27 13:25:01,3817200,838.0
2016-05-27 13:30:01,3817500,779.0
2016-05-27 13:35:01,3817800,1127.0
2016-05-27 13:40:01,3818100,879.0
2016-05-27 13:45:01,3818400,1096.0
2016-05-27 13:50:01,3818700,942.0
2016-05-27 13:55:01,3819000,1064.0
2016-05-27 14:00:01,3819300,949.0
2016-05-27 14:05:01,3819600,883.0
2016-05-27 14:10:01,3819900,1161.0
2016-05-27 14:15:01,3820200,1167.0
2016-05-27 14:20:01,3820500,1202.0
2016-05-27 14:25:01,3820800,1241.0
2016-05-27 14:30:01,3821100,1168.0
2016-05-27 14:35:01,3821400,1181.0
2016-05-27 14:40:01,3821700,1163.0
2016-05-27 14:45:01,3822000,397.0
2016-05-27 14:50:01,3822300,1039.0
2016-05-27 14:55:01,3822600,1159.0
2016-05-27 15:00:01,3822900,1047.0
2016-05-27 15:05:01,3823200,732.0
2016-05-27 15:10:01,3823500,372.0
2016-05-27 15:15:01,3823800,1042.0
2016-05-27 15:20:01,3824100,526.0
2016-05-27 15:25:01,3824400,370.0
2016-05-27 15:30:01,3824700,438.0
2016-05-27 15:35:01,3825000,376.0
2016-05-27 15:40:01,3825300,298.0
2016-05-27 15:45:01,3825600,188.0
2016-05-27 15:50:01,3825900,110.0
2016-05-27 15:55:01,3826200,88.0
2016-05-27 16:00:01,3826500,77.0
2016-05-27 16:05:01,3826800,80.0
2016-05-27 16:10:01,3827100,82.0
2016-05-27 16:15:01,3827400,88.0
2016-05-27 16:20:01,3827700,106.0
2016-05-27 16:25:01,3828000,112.0
2016-05-27 16:30:01,3828300,128.0
2016-05-27 16:35:01,3828600,116.0
2016-05-27 16:40:01,3828900,106.0
2016-05-27 16:45:01,3829200,128.0
2016-05-27 16:50:01,3829500,159.0
2016-05-27 16:55:01,3829800,182.0
2016-05-27 17:00:01,3830100,252.0
2016-05-27 17:05:01,3830400,219.0
2016-05-27 17:10:01,3830700,178.0
2016-05-27 17:15:01,3831000,148.0
2016-05-27 17:20:01,3831300,130.0
2016-05-27 17:25:01,3831600,132.0
2016-05-27 17:30:01,3831900,154.0
2016-05-27 17:35:01,3832200,155.0
2016-05-27 17:40:01,3832500,137.0
2016-05-27 17:45:01,3832800,111.0
2016-05-27 17:50:01,3833100,112.0
2016-05-27 17:55:01,3833400,132.0
2016-05-27 18:00:01,3833700,142.0
2016-05-27 18:05:01,3834000,161.0
2016-05-27 18:10:01,3834300,216.0
2016-05-27 18:15:01,3834600,228.0
2016-05-27 18:20:01,3834900,217.0
2016-05-27 18:25:01,3835200,177.0
2016-05-27 18:30:01,3835500,124.0
2016-05-27 18:35:01,3835800,117.0
2016-05-27 18:40:01,3836100,125.0
2016-05-27 18:45:01,3836400,164.0
2016-05-27 18:50:01,3836700,135.0
2016-05-27 18:55:01,3837000,154.0
2016-05-27 19:00:01,3837300,187.0
2016-05-27 19:05:01,3837600,167.0
2016-05-27 19:10:01,3837900,144.0
2016-05-27 19:15:01,3838200,112.0
2016-05-27 19:20:01,3838500,107.0
2016-05-27 19:25:02,3838800,100.0
2016-05-27 19:30:01,3839100,102.0
2016-05-27 19:35:01,3839400,90.0
2016-05-27 19:40:01,3839700,93.0
2016-05-27 19:45:01,3840000,98.0
2016-05-27 19:50:01,3840300,81.0
2016-05-27 19:55:01,3840600,65.0
2016-05-27 20:00:01,3840900,50.0
2016-05-27 20:05:01,3841200,46.0
2016-05-27 20:10:01,3841500,36.0
2016-05-27 20:15:01,3841800,32.0
2016-05-27 20:20:01,3842100,36.0
2016-05-27 20:25:01,3842400,42.0
2016-05-27 20:30:01,3842700,40.0
2016-05-27 20:35:01,3843000,37.0
2016-05-27 20:40:01,3843300,36.0
2016-05-27 20:45:01,3843600,28.0
2016-05-27 20:50:01,3843900,28.0
2016-05-27 20:55:01,3844200,27.0
2016-05-27 21:00:01,3844500,25.0
2016-05-27 21:05:01,3844800,21.0
2016-05-27 21:10:01,3845100,0.0
2016-05-27 21:15:01,3845400,0.0
2016-05-27 21:20:01,3845700,0.0
2016-05-27 21:25:01,3846000,0.0
2016-05-27 21:30:01,3846300,0.0
2016-05-27 21:35:01,3846600,0.0
2016-05-27 21:40:01,3846900,0.0
2016-05-27 21:45:01,3847200,0.0
2016-05-27 21:50:01,3847500,0.0
2016-05-27 21:55:01,3847800,0.0
2016-05-27 22:00:01,3848100,0.0
2016-05-27 22:05:01,3848400,0.0
2016-05-27 22:10:01,3848700,0.0
2016-05-27 22:15:01,3849000,0.0
2016-05-27 22:20:01,3849300,0.0
2016-05-27 22:25:01,3849600,0.0
2016-05-27 22:30:01,3849900,0.0
2016-05-27 22:35:01,3850200,0.0
2016-05-27 22:40:01,3850500,0.0
2016-05-27 22:45:01,3850800,0.0
2016-05-27 22:50:01,3851100,0.0
2016-05-27 22:55:01,3851400,0.0
2016-05-27 23:00:01,3851700,0.0
2016-05-27 23:05:01,3852000,0.0
2016-05-27 23:10:01,3852300,0.0
2016-05-27 23:15:01,3852600,0.0
2016-05-27 23:20:01,3852900,0.0
2016-05-27 23:25:01,3853200,0.0
2016-05-27 23:30:01,3853500,0.0
2016-05-27 23:35:01,3853800,0.0
2016-05-27 23:40:01,3854100,0.0
2016-05-27 23:45:01,3854400,0.0
2016-05-27 23:50:01,3854700,0.0
2016-05-27 23:55:01,3855000,0.0
2016-05-28 00:00:01,3855300,0.0
2016-05-28 00:05:01,3855600,0.0
2016-05-28 00:10:01,3855900,0.0
2016-05-28 00:15:01,3856200,0.0
2016-05-28 00:20:01,3856500,0.0
2016-05-28 00:25:01,3856800,0.0
2016-05-28 00:30:01,3857100,0.0
2016-05-28 00:35:01,3857400,0.0
2016-05-28 00:40:01,3857700,0.0
2016-05-28 00:45:01,3858000,0.0
2016-05-28 00:50:01,3858300,0.0
2016-05-28 00:55:01,3858600,0.0
2016-05-28 01:00:01,3858900,0.0
2016-05-28 01:05:01,3859200,0.0
2016-05-28 01:10:01,3859500,0.0
2016-05-28 01:15:01,3859800,0.0
2016-05-28 01:20:01,3860100,0.0
2016-05-28 01:25:01,3860400,0.0
2016-05-28 01:30:01,3860700,0.0
2016-05-28 01:35:01,3861000,0.0
2016-05-28 01:40:01,3861300,0.0
2016-05-28 01:45:01,3861600,0.0
2016-05-28 01:50:01,3861900,0.0
2016-05-28 01:55:01,3862200,0.0
2016-05-28 02:00:01,3862500,0.0
2016-05-28 02:05:01,3862800,0.0
2016-05-28 02:10:01,3863100,0.0
2016-05-28 02:15:01,3863400,0.0
2016-05-28 02:20:01,3863700,0.0
2016-05-28 02:25:01,3864000,0.0
2016-05-28 02:30:01,3864300,0.0
2016-05-28 02:35:01,3864600,0.0
2016-05-28 02:40:01,3864900,0.0
2016-05-28 02:45:01,3865200,0.0
2016-05-28 02:50:01,3865500,0.0
2016-05-28 02:55:01,3865800,0.0
2016-05-28 03:00:01,3866100,0.0
2016-05-28 03:05:01,3866400,0.0
2016-05-28 03:10:01,3866700,0.0
2016-05-28 03:15:01,3867000,0.0
2016-05-28 03:20:01,3867300,0.0
2016-05-28 03:25:01,3867600,0.0
2016-05-28 03:30:01,3867900,0.0
2016-05-28 03:35:01,3868200,0.0
2016-05-28 03:40:01,3868500,0.0
2016-05-28 03:45:01,3868800,0.0
2016-05-28 03:50:01,3869100,0.0
2016-05-28 03:55:01,3869400,0.0
2016-05-28 04:00:01,3869700,0.0
2016-05-28 04:05:01,3870000,0.0
2016-05-28 04:10:01,3870300,0.0
2016-05-28 04:15:01,3870600,0.0
2016-05-28 04:20:01,3870900,0.0
2016-05-28 04:25:01,3871200,0.0
2016-05-28 04:30:01,3871500,0.0
2016-05-28 04:35:01,3871800,0.0
2016-05-28 04:40:01,3872100,0.0
2016-05-28 04:45:01,3872400,0.0
2016-05-28 04:50:01,3872700,0.0
2016-05-28 04:55:01,3873000,0.0
2016-05-28 05:00:01,3873300,0.0
2016-05-28 05:05:01,3873600,0.0
2016-05-28 05:10:01,3873900,0.0
2016-05-28 05:15:01,3874200,0.0
2016-05-28 05:20:01,3874500,0.0
2016-05-28 05:25:01,3874800,0.0
2016-05-28 05:30:01,3875100,0.0
2016-05-28 05:35:01,3875400,0.0
2016-05-28 05:40:01,3875700,0.0
2016-05-28 05:45:01,3876000,0.0
2016-05-28 05:50:01,3876300,0.0
2016-05-28 05:55:01,3876600,0.0
2016-05-28 06:00:01,3876900,0.0
2016-05-28 06:05:01,3877200,0.0
2016-05-28 06:10:01,3877500,0.0
2016-05-28 06:15:01,3877800,0.0
2016-05-28 06:20:01,3878100,0.0
2016-05-28 06:25:01,3878400,0.0
2016-05-28 06:30:01,3878700,0.0
2016-05-28 06:35:01,3879000,0.0
2016-05-28 06:40:01,3879300,0.0
2016-05-28 06:45:01,3879600,0.0
2016-05-28 06:50:01,3879900,0.0
2016-05-28 06:55:01,3880200,14.0
2016-05-28 07:00:01,3880500,18.0
2016-05-28 07:05:01,3880800,22.0
2016-05-28 07:10:01,3881100,25.0
2016-05-28 07:15:01,3881400,28.0
2016-05-28 07:20:01,3881700,32.0
2016-05-28 07:25:01,3882000,36.0
2016-05-28 07:30:01,3882300,41.0
2016-05-28 07:35:01,3882600,44.0
2016-05-28 07:40:01,3882900,52.0
2016-05-28 07:45:01,3883200,61.0
2016-05-28 07:50:01,3883500,63.0
2016-05-28 07:55:01,3883800,70.0
2016-05-28 08:00:01,3884100,72.0
2016-05-28 08:05:01,3884400,79.0
2016-05-28 08:10:01,3884700,80.0
2016-05-28 08:15:01,3885000,88.0
2016-05-28 08:20:01,3885300,110.0
2016-05-28 08:25:01,3885600,119.0
2016-05-28 08:30:01,3885900,140.0
2016-05-28 08:35:01,3886200,121.0
2016-05-28 08:40:01,3886500,117.0
2016-05-28 08:45:01,3886800,179.0
2016-05-28 08:50:01,3887100,224.0
2016-05-28 08:55:01,3887400,221.0
2016-05-28 09:00:01,3887700,228.0
2016-05-28 09:05:01,3888000,243.0
2016-05-28 09:10:01,3888300,254.0
2016-05-28 09:15:01,3888600,177.0
2016-05-28 09:20:01,3888900,257.0
2016-05-28 09:25:01,3889200,302.0
2016-05-28 09:30:01,3889500,323.0
2016-05-28 09:35:01,3889800,344.0
2016-05-28 09:40:01,3890100,373.0
2016-05-28 09:45:01,3890400,393.0
2016-05-28 09:50:01,3890700,412.0
2016-05-28 09:55:01,3891000,442.0
2016-05-28 10:00:01,3891300,466.0
2016-05-28 10:05:01,3891600,478.0
2016-05-28 10:10:01,3891900,501.0
2016-05-28 10:15:02,3892200,513.0
2016-05-28 10:20:01,3892500,534.0
2016-05-28 10:25:01,3892800,546.0
2016-05-28 10:30:01,3893100,574.0
2016-05-28 10:35:01,3893400,579.0
2016-05-28 10:40:01,3893700,606.0
2016-05-28 10:45:01,3894000,630.0
2016-05-28 10:50:01,3894300,654.0
2016-05-28 10:55:01,3894600,657.0
2016-05-28 11:00:01,3894900,689.0
2016-05-28 11:05:01,3895200,702.0
2016-05-28 11:10:01,3895500,718.0
2016-05-28 11:15:01,3895800,776.0
2016-05-28 11:20:01,3896100,382.0
2016-05-28 11:25:01,3896400,543.0
2016-05-28 11:30:01,3896700,769.0
2016-05-28 11:35:01,3897000,789.0
2016-05-28 11:40:01,3897300,820.0
2016-05-28 11:45:01,3897600,840.0
2016-05-28 11:50:01,3897900,837.0
2016-05-28 11:55:01,3898200,868.0
2016-05-28 12:00:01,3898500,873.0
2016-05-28 12:05:01,3898800,894.0
2016-05-28 12:10:01,3899100,903.0
2016-05-28 12:15:01,3899400,914.0
2016-05-28 12:20:01,3899700,926.0
2016-05-28 12:25:01,3900000,947.0
2016-05-28 12:30:01,3900300,960.0
2016-05-28 12:35:01,3900600,947.0
2016-05-28 12:40:01,3900900,974.0
2016-05-28 12:45:01,3901200,1000.0
2016-05-28 12:50:01,3901500,1020.0
2016-05-28 12:55:01,3901800,1005.0
2016-05-28 13:00:01,3902100,1013.0
2016-05-28 13:05:01,3902400,567.0
2016-05-28 13:10:01,3902700,870.0
2016-05-28 13:15:01,3903000,702.0
2016-05-28 13:20:01,3903300,1042.0
2016-05-28 13:25:01,3903600,354.0
2016-05-28 13:30:01,3903900,268.0
2016-05-28 13:35:01,3904200,584.0
2016-05-28 13:40:01,3904500,1152.0
2016-05-28 13:45:01,3904800,1156.0
2016-05-28 13:50:01,3905100,1170.0
2016-05-28 13:55:01,3905400,1210.0
2016-05-28 14:00:01,3905700,305.0
2016-05-28 14:05:01,3906000,535.0
2016-05-28 14:10:01,3906300,528.0
2016-05-28 14:15:01,3906600,832.0
2016-05-28 14:20:01,3906900,507.0
2016-05-28 14:25:01,3907200,860.0
2016-05-28 14:30:01,3907500,1132.0
2016-05-28 14:35:01,3907800,1067.0
2016-05-28 14:40:01,3908100,375.0
2016-05-28 14:45:01,3908400,272.0
2016-05-28 14:50:01,3908700,221.0
2016-05-28 14:55:01,3909000,298.0
2016-05-28 15:00:01,3909300,166.0
2016-05-28 15:05:01,3909600,177.0
2016-05-28 15:10:01,3909900,159.0
2016-05-28 15:15:01,3910200,155.0
2016-05-28 15:20:01,3910500,133.0
2016-05-28 15:25:01,3910800,118.0
2016-05-28 15:30:01,3911100,119.0
2016-05-28 15:35:01,3911400,130.0
2016-05-28 15:40:01,3911700,172.0
2016-05-28 15:45:01,3912000,271.0
2016-05-28 15:50:01,3912300,1091.0
2016-05-28 15:55:01,3912600,230.0
2016-05-28 16:00:01,3912900,939.0
2016-05-28 16:05:01,3913200,983.0
2016-05-28 16:10:01,3913500,949.0
2016-05-28 16:15:01,3913800,402.0
2016-05-28 16:20:01,3914100,366.0
2016-05-28 16:25:01,3914400,310.0
2016-05-28 16:30:01,3914700,250.0
2016-05-28 16:35:02,3915000,208.0
2016-05-28 16:40:01,3915300,229.0
2016-05-28 16:45:01,3915600,228.0
2016-05-28 16:50:01,3915900,156.0
2016-05-28 16:55:01,3916200,124.0
2016-05-28 17:00:01,3916500,99.0
2016-05-28 17:05:01,3916800,75.0
2016-05-28 17:10:01,3917100,43.0
2016-05-28 17:15:01,3917400,30.0
2016-05-28 17:20:01,3917700,22.0
2016-05-28 17:25:01,3918000,19.0
2016-05-28 17:30:01,3918300,0.0
2016-05-28 17:35:01,3918600,0.0
2016-05-28 17:40:01,3918900,0.0
2016-05-28 17:45:01,3919200,0.0
2016-05-28 17:50:01,3919500,0.0
2016-05-28 17:55:01,3919800,20.0
2016-05-28 18:00:01,3920100,21.0
2016-05-28 18:05:01,3920400,0.0
2016-05-28 18:10:01,3920700,0.0
2016-05-28 18:15:01,3921000,0.0
2016-05-28 18:20:01,3921300,0.0
2016-05-28 18:25:01,3921600,0.0
2016-05-28 18:30:01,3921900,0.0
2016-05-28 18:35:01,3922200,0.0
2016-05-28 18:40:01,3922500,0.0
2016-05-28 18:45:01,3922800,0.0
2016-05-28 18:50:01,3923100,0.0
2016-05-28 18:55:01,3923400,0.0
2016-05-28 19:00:01,3923700,0.0
2016-05-28 19:05:01,3924000,0.0
2016-05-28 19:10:01,3924300,0.0
2016-05-28 19:15:01,3924600,20.0
2016-05-28 19:20:01,3924900,24.0
2016-05-28 19:25:01,3925200,20.0
2016-05-28 19:30:01,3925500,0.0
2016-05-28 19:35:01,3925800,0.0
2016-05-28 19:40:01,3926100,0.0
2016-05-28 19:45:01,3926400,19.0
2016-05-28 19:50:01,3926700,18.0
2016-05-28 19:55:01,3927000,24.0
2016-05-28 20:00:01,3927300,23.0
2016-05-28 20:05:01,3927600,0.0
2016-05-28 20:10:01,3927900,0.0
2016-05-28 20:15:01,3928200,0.0
2016-05-28 20:20:01,3928500,0.0
2016-05-28 20:25:01,3928800,0.0
2016-05-28 20:30:01,3929100,0.0
2016-05-28 20:35:01,3929400,0.0
2016-05-28 20:40:01,3929700,0.0
2016-05-28 20:45:01,3930000,0.0
2016-05-28 20:50:01,3930300,0.0
2016-05-28 20:55:01,3930600,0.0
2016-05-28 21:00:01,3930900,0.0
2016-05-28 21:05:01,3931200,0.0
2016-05-28 21:10:01,3931500,0.0
2016-05-28 21:15:01,3931800,0.0
2016-05-28 21:20:01,3932100,0.0
2016-05-28 21:25:01,3932400,0.0
2016-05-28 21:30:01,3932700,0.0
2016-05-28 21:35:01,3933000,0.0
2016-05-28 21:40:01,3933300,0.0
2016-05-28 21:45:01,3933600,0.0
2016-05-28 21:50:01,3933900,0.0
2016-05-28 21:55:01,3934200,0.0
2016-05-28 22:00:01,3934500,0.0
2016-05-28 22:05:01,3934800,0.0
2016-05-28 22:10:01,3935100,0.0
2016-05-28 22:15:01,3935400,0.0
2016-05-28 22:20:01,3935700,0.0
2016-05-28 22:25:01,3936000,0.0
2016-05-28 22:30:01,3936300,0.0
2016-05-28 22:35:01,3936600,0.0
2016-05-28 22:40:01,3936900,0.0
2016-05-28 22:45:01,3937200,0.0
2016-05-28 22:50:01,3937500,0.0
2016-05-28 22:55:01,3937800,0.0
2016-05-28 23:00:01,3938100,0.0
2016-05-28 23:05:01,3938400,0.0
2016-05-28 23:10:01,3938700,0.0
2016-05-28 23:15:01,3939000,0.0
2016-05-28 23:20:01,3939300,0.0
2016-05-28 23:25:01,3939600,0.0
2016-05-28 23:30:01,3939900,0.0
2016-05-28 23:35:01,3940200,0.0
2016-05-28 23:40:01,3940500,0.0
2016-05-28 23:45:01,3940800,0.0
2016-05-28 23:50:01,3941100,0.0
2016-05-28 23:55:01,3941400,0.0
2016-05-29 00:00:01,3941700,0.0
2016-05-29 00:05:01,3942000,0.0
2016-05-29 00:10:01,3942300,0.0
2016-05-29 00:15:01,3942600,0.0
2016-05-29 00:20:01,3942900,0.0
2016-05-29 00:25:01,3943200,0.0
2016-05-29 00:30:01,3943500,0.0
2016-05-29 00:35:01,3943800,0.0
2016-05-29 00:40:01,3944100,0.0
2016-05-29 00:45:01,3944400,0.0
2016-05-29 00:50:01,3944700,0.0
2016-05-29 00:55:01,3945000,0.0
2016-05-29 01:00:01,3945300,0.0
2016-05-29 01:05:01,3945600,0.0
2016-05-29 01:10:01,3945900,0.0
2016-05-29 01:15:01,3946200,0.0
2016-05-29 01:20:01,3946500,0.0
2016-05-29 01:25:01,3946800,0.0
2016-05-29 01:30:01,3947100,0.0
2016-05-29 01:35:01,3947400,0.0
2016-05-29 01:40:01,3947700,0.0
2016-05-29 01:45:01,3948000,0.0
2016-05-29 01:50:01,3948300,0.0
2016-05-29 01:55:01,3948600,0.0
2016-05-29 02:00:01,3948900,0.0
2016-05-29 02:05:01,3949200,0.0
2016-05-29 02:10:01,3949500,0.0
2016-05-29 02:15:01,3949800,0.0
2016-05-29 02:20:01,3950100,0.0
2016-05-29 02:25:01,3950400,0.0
2016-05-29 02:30:01,3950700,0.0
2016-05-29 02:35:01,3951000,0.0
2016-05-29 02:40:01,3951300,0.0
2016-05-29 02:45:01,3951600,0.0
2016-05-29 02:50:01,3951900,0.0
2016-05-29 02:55:01,3952200,0.0
2016-05-29 03:00:01,3952500,0.0
2016-05-29 03:05:01,3952800,0.0
2016-05-29 03:10:01,3953100,0.0
2016-05-29 03:15:01,3953400,0.0
2016-05-29 03:20:01,3953700,0.0
2016-05-29 03:25:01,3954000,0.0
2016-05-29 03:30:01,3954300,0.0
2016-05-29 03:35:01,3954600,0.0
2016-05-29 03:40:01,3954900,0.0
2016-05-29 03:45:01,3955200,0.0
2016-05-29 03:50:01,3955500,0.0
2016-05-29 03:55:01,3955800,0.0
2016-05-29 04:00:01,3956100,0.0
2016-05-29 04:05:01,3956400,0.0
2016-05-29 04:10:01,3956700,0.0
2016-05-29 04:15:01,3957000,0.0
2016-05-29 04:20:01,3957300,0.0
2016-05-29 04:25:01,3957600,0.0
2016-05-29 04:30:01,3957900,0.0
2016-05-29 04:35:01,3958200,0.0
2016-05-29 04:40:01,3958500,0.0
2016-05-29 04:45:01,3958800,0.0
2016-05-29 04:50:01,3959100,0.0
2016-05-29 04:55:01,3959400,0.0
2016-05-29 05:00:01,3959700,0.0
2016-05-29 05:05:01,3960000,0.0
2016-05-29 05:10:01,3960300,0.0
2016-05-29 05:15:01,3960600,0.0
2016-05-29 05:20:01,3960900,0.0
2016-05-29 05:25:01,3961200,0.0
2016-05-29 05:30:01,3961500,0.0
2016-05-29 05:35:01,3961800,0.0
2016-05-29 05:40:01,3962100,0.0
2016-05-29 05:45:01,3962400,0.0
2016-05-29 05:50:01,3962700,0.0
2016-05-29 05:55:01,3963000,0.0
2016-05-29 06:00:01,3963300,0.0
2016-05-29 06:05:01,3963600,0.0
2016-05-29 06:10:01,3963900,0.0
2016-05-29 06:15:01,3964200,0.0
2016-05-29 06:20:01,3964500,0.0
2016-05-29 06:25:01,3964800,0.0
2016-05-29 06:30:01,3965100,0.0
2016-05-29 06:35:01,3965400,0.0
2016-05-29 06:40:01,3965700,0.0
2016-05-29 06:45:01,3966000,0.0
2016-05-29 06:50:01,3966300,0.0
2016-05-29 06:55:01,3966600,0.0
2016-05-29 07:00:01,3966900,0.0
2016-05-29 07:05:01,3967200,0.0
2016-05-29 07:10:01,3967500,0.0
2016-05-29 07:15:01,3967800,16.0
2016-05-29 07:20:01,3968100,22.0
2016-05-29 07:25:01,3968400,26.0
2016-05-29 07:30:01,3968700,32.0
2016-05-29 07:35:01,3969000,40.0
2016-05-29 07:40:01,3969300,41.0
2016-05-29 07:45:01,3969600,52.0
2016-05-29 07:50:01,3969900,48.0
2016-05-29 07:55:01,3970200,40.0
2016-05-29 08:00:01,3970500,38.0
2016-05-29 08:05:01,3970800,51.0
2016-05-29 08:10:01,3971100,37.0
2016-05-29 08:15:01,3971400,39.0
2016-05-29 08:20:01,3971700,51.0
2016-05-29 08:25:01,3972000,72.0
2016-05-29 08:30:01,3972300,69.0
2016-05-29 08:35:01,3972600,62.0
2016-05-29 08:40:02,3972900,92.0
2016-05-29 08:45:01,3973200,109.0
2016-05-29 08:50:01,3973500,164.0
2016-05-29 08:55:01,3973800,216.0
2016-05-29 09:00:01,3974100,242.0
2016-05-29 09:05:01,3974400,223.0
2016-05-29 09:10:01,3974700,231.0
2016-05-29 09:15:01,3975000,239.0
2016-05-29 09:20:01,3975300,204.0
2016-05-29 09:25:01,3975600,130.0
2016-05-29 09:30:01,3975900,191.0
2016-05-29 09:35:01,3976200,190.0
2016-05-29 09:40:01,3976500,126.0
2016-05-29 09:45:01,3976800,160.0
2016-05-29 09:50:01,3977100,169.0
2016-05-29 09:55:01,3977400,182.0
2016-05-29 10:00:01,3977700,222.0
2016-05-29 10:05:01,3978000,256.0
2016-05-29 10:10:01,3978300,229.0
2016-05-29 10:15:01,3978600,191.0
2016-05-29 10:20:01,3978900,117.0
2016-05-29 10:25:01,3979200,95.0
2016-05-29 10:30:01,3979500,105.0
2016-05-29 10:35:01,3979800,140.0
2016-05-29 10:40:01,3980100,176.0
2016-05-29 10:45:01,3980400,215.0
2016-05-29 10:50:01,3980700,247.0
2016-05-29 10:55:01,3981000,261.0
2016-05-29 11:00:01,3981300,223.0
2016-05-29 11:05:01,3981600,196.0
2016-05-29 11:10:01,3981900,206.0
2016-05-29 11:15:01,3982200,254.0
2016-05-29 11:20:01,3982500,309.0
2016-05-29 11:25:01,3982800,243.0
2016-05-29 11:30:01,3983100,110.0
2016-05-29 11:35:01,3983400,95.0
2016-05-29 11:40:01,3983700,93.0
2016-05-29 11:45:01,3984000,140.0
2016-05-29 11:50:01,3984300,203.0
2016-05-29 11:55:01,3984600,230.0
2016-05-29 12:00:01,3984900,217.0
2016-05-29 12:05:01,3985200,195.0
2016-05-29 12:10:01,3985500,169.0
2016-05-29 12:15:01,3985800,158.0
2016-05-29 12:20:01,3986100,165.0
2016-05-29 12:25:01,3986400,176.0
2016-05-29 12:30:01,3986700,189.0
2016-05-29 12:35:01,3987000,185.0
2016-05-29 12:40:01,3987300,159.0
2016-05-29 12:45:01,3987600,77.0
2016-05-29 12:50:01,3987900,63.0
2016-05-29 12:55:01,3988200,106.0
2016-05-29 13:00:01,3988500,149.0
2016-05-29 13:05:01,3988800,157.0
2016-05-29 13:10:01,3989100,129.0
2016-05-29 13:15:01,3989400,132.0
2016-05-29 13:20:01,3989700,160.0
2016-05-29 13:25:01,3990000,185.0
2016-05-29 13:30:01,3990300,174.0
2016-05-29 13:35:01,3990600,107.0
2016-05-29 13:40:01,3990900,81.0
2016-05-29 13:45:01,3991200,51.0
2016-05-29 13:50:01,3991500,50.0
2016-05-29 13:55:01,3991800,35.0
2016-05-29 14:00:01,3992100,58.0
2016-05-29 14:05:01,3992400,109.0
2016-05-29 14:10:01,3992700,144.0
2016-05-29 14:15:01,3993000,170.0
2016-05-29 14:20:01,3993300,153.0
2016-05-29 14:25:01,3993600,147.0
2016-05-29 14:30:01,3993900,134.0
2016-05-29 14:35:01,3994200,133.0
2016-05-29 14:40:01,3994500,126.0
2016-05-29 14:45:01,3994800,142.0
2016-05-29 14:50:01,3995100,155.0
2016-05-29 14:55:01,3995400,158.0
2016-05-29 15:00:01,3995700,150.0
2016-05-29 15:05:01,3996000,137.0
2016-05-29 15:10:01,3996300,124.0
2016-05-29 15:15:01,3996600,146.0
2016-05-29 15:20:01,3996900,107.0
2016-05-29 15:25:01,3997200,124.0
2016-05-29 15:30:01,3997500,120.0
2016-05-29 15:35:01,3997800,124.0
2016-05-29 15:40:01,3998100,164.0
2016-05-29 15:45:01,3998400,167.0
2016-05-29 15:50:01,3998700,171.0
2016-05-29 15:55:01,3999000,162.0
2016-05-29 16:00:01,3999300,184.0
2016-05-29 16:05:01,3999600,209.0
2016-05-29 16:10:01,3999900,209.0
2016-05-29 16:15:01,4000200,197.0
2016-05-29 16:20:01,4000500,189.0
2016-05-29 16:25:01,4000800,182.0
2016-05-29 16:30:01,4001100,163.0
2016-05-29 16:35:01,4001400,147.0
2016-05-29 16:40:01,4001700,121.0
2016-05-29 16:45:01,4002000,93.0
2016-05-29 16:50:01,4002300,96.0
2016-05-29 16:55:01,4002600,85.0
2016-05-29 17:00:01,4002900,88.0
2016-05-29 17:05:01,4003200,86.0
2016-05-29 17:10:01,4003500,88.0
2016-05-29 17:15:01,4003800,79.0
2016-05-29 17:20:01,4004100,69.0
2016-05-29 17:25:01,4004400,67.0
2016-05-29 17:30:01,4004700,70.0
2016-05-29 17:35:01,4005000,76.0
2016-05-29 17:40:01,4005300,80.0
2016-05-29 17:45:01,4005600,78.0
2016-05-29 17:50:01,4005900,79.0
2016-05-29 17:55:01,4006200,78.0
2016-05-29 18:00:01,4006500,64.0
2016-05-29 18:05:01,4006800,68.0
2016-05-29 18:10:01,4007100,45.0
2016-05-29 18:15:01,4007400,42.0
2016-05-29 18:20:01,4007700,62.0
2016-05-29 18:25:01,4008000,83.0
2016-05-29 18:30:01,4008300,53.0
2016-05-29 18:35:01,4008600,35.0
2016-05-29 18:40:01,4008900,64.0
2016-05-29 18:45:01,4009200,57.0
2016-05-29 18:50:01,4009500,59.0
2016-05-29 18:55:01,4009800,54.0
2016-05-29 19:00:01,4010100,53.0
2016-05-29 19:05:01,4010400,46.0
2016-05-29 19:10:01,4010700,36.0
2016-05-29 19:15:01,4011000,29.0
2016-05-29 19:20:01,4011300,33.0
2016-05-29 19:25:01,4011600,22.0
2016-05-29 19:30:01,4011900,0.0
2016-05-29 19:35:01,4012200,0.0
2016-05-29 19:40:01,4012500,0.0
2016-05-29 19:45:01,4012800,0.0
2016-05-29 19:50:01,4013100,0.0
2016-05-29 19:55:01,4013400,0.0
2016-05-29 20:00:01,4013700,0.0
2016-05-29 20:05:01,4014000,0.0
2016-05-29 20:10:01,4014300,0.0
2016-05-29 20:15:01,4014600,0.0
2016-05-29 20:20:01,4014900,0.0
2016-05-29 20:25:01,4015200,0.0
2016-05-29 20:30:01,4015500,0.0
2016-05-29 20:35:01,4015800,0.0
2016-05-29 20:40:01,4016100,0.0
2016-05-29 20:45:01,4016400,0.0
2016-05-29 20:50:01,4016700,0.0
2016-05-29 20:55:01,4017000,0.0
2016-05-29 21:00:01,4017300,0.0
2016-05-29 21:05:01,4017600,0.0
2016-05-29 21:10:01,4017900,0.0
2016-05-29 21:15:01,4018200,0.0
2016-05-29 21:20:01,4018500,0.0
2016-05-29 21:25:01,4018800,0.0
2016-05-29 21:30:01,4019100,0.0
2016-05-29 21:35:01,4019400,0.0
2016-05-29 21:40:01,4019700,0.0
2016-05-29 21:45:01,4020000,0.0
2016-05-29 21:50:01,4020300,0.0
2016-05-29 21:55:01,4020600,0.0
2016-05-29 22:00:01,4020900,0.0
2016-05-29 22:05:01,4021200,0.0
2016-05-29 22:10:01,4021500,0.0
2016-05-29 22:15:01,4021800,0.0
2016-05-29 22:20:01,4022100,0.0
2016-05-29 22:25:01,4022400,0.0
2016-05-29 22:30:01,4022700,0.0
2016-05-29 22:35:01,4023000,0.0
2016-05-29 22:40:01,4023300,0.0
2016-05-29 22:45:01,4023600,0.0
2016-05-29 22:50:01,4023900,0.0
2016-05-29 22:55:01,4024200,0.0
2016-05-29 23:00:01,4024500,0.0
2016-05-29 23:05:01,4024800,0.0
2016-05-29 23:10:01,4025100,0.0
2016-05-29 23:15:01,4025400,0.0
2016-05-29 23:20:01,4025700,0.0
2016-05-29 23:25:01,4026000,0.0
2016-05-29 23:30:01,4026300,0.0
2016-05-29 23:35:01,4026600,0.0
2016-05-29 23:40:01,4026900,0.0
2016-05-29 23:45:01,4027200,0.0
2016-05-29 23:50:01,4027500,0.0
2016-05-29 23:55:01,4027800,0.0
2016-05-30 00:00:01,4028100,0.0
2016-05-30 00:05:01,4028400,0.0
2016-05-30 00:10:01,4028700,0.0
2016-05-30 00:15:01,4029000,0.0
2016-05-30 00:20:01,4029300,0.0
2016-05-30 00:25:01,4029600,0.0
2016-05-30 00:30:01,4029900,0.0
2016-05-30 00:35:01,4030200,0.0
2016-05-30 00:40:01,4030500,0.0
2016-05-30 00:45:01,4030800,0.0
2016-05-30 00:50:01,4031100,0.0
2016-05-30 00:55:01,4031400,0.0
2016-05-30 01:00:01,4031700,0.0
2016-05-30 01:05:01,4032000,0.0
2016-05-30 01:10:01,4032300,0.0
2016-05-30 01:15:01,4032600,0.0
2016-05-30 01:20:01,4032900,0.0
2016-05-30 01:25:01,4033200,0.0
2016-05-30 01:30:01,4033500,0.0
2016-05-30 01:35:01,4033800,0.0
2016-05-30 01:40:01,4034100,0.0
2016-05-30 01:45:01,4034400,0.0
2016-05-30 01:50:01,4034700,0.0
2016-05-30 01:55:01,4035000,0.0
2016-05-30 02:00:01,4035300,0.0
2016-05-30 02:05:01,4035600,0.0
2016-05-30 02:10:01,4035900,0.0
2016-05-30 02:15:01,4036200,0.0
2016-05-30 02:20:01,4036500,0.0
2016-05-30 02:25:01,4036800,0.0
2016-05-30 02:30:01,4037100,0.0
2016-05-30 02:35:01,4037400,0.0
2016-05-30 02:40:01,4037700,0.0
2016-05-30 02:45:01,4038000,0.0
2016-05-30 02:50:01,4038300,0.0
2016-05-30 02:55:01,4038600,0.0
2016-05-30 03:00:01,4038900,0.0
2016-05-30 03:05:01,4039200,0.0
2016-05-30 03:10:01,4039500,0.0
2016-05-30 03:15:01,4039800,0.0
2016-05-30 03:20:01,4040100,0.0
2016-05-30 03:25:01,4040400,0.0
2016-05-30 03:30:01,4040700,0.0
2016-05-30 03:35:01,4041000,0.0
2016-05-30 03:40:01,4041300,0.0
2016-05-30 03:45:01,4041600,0.0
2016-05-30 03:50:01,4041900,0.0
2016-05-30 03:55:01,4042200,0.0
2016-05-30 04:00:01,4042500,0.0
2016-05-30 04:05:01,4042800,0.0
2016-05-30 04:10:01,4043100,0.0
2016-05-30 04:15:01,4043400,0.0
2016-05-30 04:20:01,4043700,0.0
2016-05-30 04:25:01,4044000,0.0
2016-05-30 04:30:01,4044300,0.0
2016-05-30 04:35:01,4044600,0.0
2016-05-30 04:40:01,4044900,0.0
2016-05-30 04:45:01,4045200,0.0
2016-05-30 04:50:01,4045500,0.0
2016-05-30 04:55:01,4045800,0.0
2016-05-30 05:00:01,4046100,0.0
2016-05-30 05:05:01,4046400,0.0
2016-05-30 05:10:01,4046700,0.0
2016-05-30 05:15:01,4047000,0.0
2016-05-30 05:20:01,4047300,0.0
2016-05-30 05:25:01,4047600,0.0
2016-05-30 05:30:01,4047900,0.0
2016-05-30 05:35:01,4048200,0.0
2016-05-30 05:40:01,4048500,0.0
2016-05-30 05:45:01,4048800,0.0
2016-05-30 05:50:01,4049100,0.0
2016-05-30 05:55:01,4049400,0.0
2016-05-30 06:00:01,4049700,0.0
2016-05-30 06:05:01,4050000,0.0
2016-05-30 06:10:01,4050300,0.0
2016-05-30 06:15:01,4050600,0.0
2016-05-30 06:20:01,4050900,0.0
2016-05-30 06:25:01,4051200,0.0
2016-05-30 06:30:01,4051500,0.0
2016-05-30 06:35:01,4051800,0.0
2016-05-30 06:40:01,4052100,0.0
2016-05-30 06:45:01,4052400,0.0
2016-05-30 06:50:01,4052700,0.0
2016-05-30 06:55:01,4053000,0.0
2016-05-30 07:00:01,4053300,0.0
2016-05-30 07:05:01,4053600,0.0
2016-05-30 07:10:01,4053900,0.0
2016-05-30 07:15:01,4054200,18.0
2016-05-30 07:20:01,4054500,21.0
2016-05-30 07:25:01,4054800,23.0
2016-05-30 07:30:01,4055100,21.0
2016-05-30 07:35:01,4055400,20.0
2016-05-30 07:40:01,4055700,22.0
2016-05-30 07:45:01,4056000,25.0
2016-05-30 07:50:01,4056300,22.0
2016-05-30 07:55:01,4056600,25.0
2016-05-30 08:00:01,4056900,33.0
2016-05-30 08:05:01,4057200,39.0
2016-05-30 08:10:01,4057500,41.0
2016-05-30 08:15:01,4057800,45.0
2016-05-30 08:20:01,4058100,50.0
2016-05-30 08:25:01,4058400,59.0
2016-05-30 08:30:01,4058700,75.0
2016-05-30 08:35:01,4059000,82.0
2016-05-30 08:40:01,4059300,71.0
2016-05-30 08:45:01,4059600,63.0
2016-05-30 08:50:01,4059900,53.0
2016-05-30 08:55:01,4060200,54.0
2016-05-30 09:00:01,4060500,57.0
2016-05-30 09:05:01,4060800,66.0
2016-05-30 09:10:01,4061100,102.0
2016-05-30 09:15:01,4061400,140.0
2016-05-30 09:20:01,4061700,154.0
2016-05-30 09:25:01,4062000,161.0
2016-05-30 09:30:01,4062300,165.0
2016-05-30 09:35:01,4062600,172.0
2016-05-30 09:40:01,4062900,172.0
2016-05-30 09:45:01,4063200,177.0
2016-05-30 09:50:01,4063500,189.0
2016-05-30 09:55:01,4063800,200.0
2016-05-30 10:00:01,4064100,208.0
2016-05-30 10:05:02,4064400,218.0
2016-05-30 10:10:01,4064700,220.0
2016-05-30 10:15:01,4065000,234.0
2016-05-30 10:20:01,4065300,242.0
2016-05-30 10:25:01,4065600,248.0
2016-05-30 10:30:01,4065900,278.0
2016-05-30 10:35:01,4066200,269.0
2016-05-30 10:40:01,4066500,284.0
2016-05-30 10:45:01,4066800,304.0
2016-05-30 10:50:01,4067100,295.0
2016-05-30 10:55:01,4067400,286.0
2016-05-30 11:00:01,4067700,276.0
2016-05-30 11:05:01,4068000,278.0
2016-05-30 11:10:01,4068300,289.0
2016-05-30 11:15:01,4068600,297.0
2016-05-30 11:20:01,4068900,290.0
2016-05-30 11:25:01,4069200,288.0
2016-05-30 11:30:01,4069500,310.0
2016-05-30 11:35:01,4069800,313.0
2016-05-30 11:40:01,4070100,354.0
2016-05-30 11:45:01,4070400,376.0
2016-05-30 11:50:01,4070700,415.0
2016-05-30 11:55:01,4071000,406.0
2016-05-30 12:00:01,4071300,428.0
2016-05-30 12:05:01,4071600,459.0
2016-05-30 12:10:01,4071900,528.0
2016-05-30 12:15:01,4072200,653.0
2016-05-30 12:20:01,4072500,754.0
2016-05-30 12:25:01,4072800,816.0
2016-05-30 12:30:01,4073100,847.0
2016-05-30 12:35:01,4073400,828.0
2016-05-30 12:40:01,4073700,838.0
2016-05-30 12:45:01,4074000,879.0
2016-05-30 12:50:01,4074300,424.0
2016-05-30 12:55:01,4074600,735.0
2016-05-30 13:00:01,4074900,390.0
2016-05-30 13:05:01,4075200,603.0
2016-05-30 13:10:01,4075500,707.0
2016-05-30 13:15:01,4075800,799.0
2016-05-30 13:20:01,4076100,697.0
2016-05-30 13:25:01,4076400,711.0
2016-05-30 13:30:01,4076700,527.0
2016-05-30 13:35:01,4077000,402.0
2016-05-30 13:40:01,4077300,381.0
2016-05-30 13:45:01,4077600,813.0
2016-05-30 13:50:01,4077900,848.0
2016-05-30 13:55:01,4078200,768.0
2016-05-30 14:00:01,4078500,882.0
2016-05-30 14:05:01,4078800,844.0
2016-05-30 14:10:01,4079100,844.0
2016-05-30 14:15:01,4079400,406.0
2016-05-30 14:20:01,4079700,436.0
2016-05-30 14:25:01,4080000,428.0
2016-05-30 14:30:01,4080300,943.0
2016-05-30 14:35:01,4080600,491.0
2016-05-30 14:40:01,4080900,964.0
2016-05-30 14:45:01,4081200,943.0
2016-05-30 14:50:01,4081500,815.0
2016-05-30 14:55:01,4081800,863.0
2016-05-30 15:00:01,4082100,848.0
2016-05-30 15:05:01,4082400,854.0
2016-05-30 15:10:01,4082700,875.0
2016-05-30 15:15:01,4083000,1034.0
2016-05-30 15:20:01,4083300,382.0
2016-05-30 15:25:01,4083600,394.0
2016-05-30 15:30:01,4083900,1037.0
2016-05-30 15:35:01,4084200,1105.0
2016-05-30 15:40:01,4084500,1151.0
2016-05-30 15:45:01,4084800,1138.0
2016-05-30 15:50:01,4085100,962.0
2016-05-30 15:55:01,4085400,804.0
2016-05-30 16:00:01,4085700,707.0
2016-05-30 16:05:01,4086000,748.0
2016-05-30 16:10:01,4086300,938.0
2016-05-30 16:15:01,4086600,983.0
2016-05-30 16:20:01,4086900,512.0
2016-05-30 16:25:01,4087200,715.0
2016-05-30 16:30:01,4087500,622.0
2016-05-30 16:35:01,4087800,516.0
2016-05-30 16:40:01,4088100,512.0
2016-05-30 16:45:01,4088400,397.0
2016-05-30 16:50:01,4088700,392.0
2016-05-30 16:55:01,4089000,357.0
2016-05-30 17:00:01,4089300,354.0
2016-05-30 17:05:01,4089600,360.0
2016-05-30 17:10:01,4089900,336.0
2016-05-30 17:15:01,4090200,341.0
2016-05-30 17:20:01,4090500,308.0
2016-05-30 17:25:01,4090800,286.0
2016-05-30 17:30:01,4091100,257.0
2016-05-30 17:35:01,4091400,236.0
2016-05-30 17:40:01,4091700,302.0
2016-05-30 17:45:01,4092000,362.0
2016-05-30 17:50:01,4092300,327.0
2016-05-30 17:55:01,4092600,304.0
2016-05-30 18:00:01,4092900,248.0
2016-05-30 18:05:01,4093200,266.0
2016-05-30 18:10:01,4093500,289.0
2016-05-30 18:15:01,4093800,269.0
2016-05-30 18:20:01,4094100,321.0
2016-05-30 18:25:01,4094400,240.0
2016-05-30 18:30:01,4094700,219.0
2016-05-30 18:35:01,4095000,213.0
2016-05-30 18:40:01,4095300,202.0
2016-05-30 18:45:01,4095600,190.0
2016-05-30 18:50:01,4095900,174.0
2016-05-30 18:55:01,4096200,159.0
2016-05-30 19:00:01,4096500,169.0
2016-05-30 19:05:01,4096800,145.0
2016-05-30 19:10:01,4097100,149.0
2016-05-30 19:15:01,4097400,154.0
2016-05-30 19:20:01,4097700,160.0
2016-05-30 19:25:01,4098000,165.0
2016-05-30 19:30:01,4098300,164.0
2016-05-30 19:35:01,4098600,154.0
2016-05-30 19:40:01,4098900,138.0
2016-05-30 19:45:01,4099200,127.0
2016-05-30 19:50:01,4099500,123.0
2016-05-30 19:55:01,4099800,114.0
2016-05-30 20:00:01,4100100,106.0
2016-05-30 20:05:01,4100400,102.0
2016-05-30 20:10:01,4100700,93.0
2016-05-30 20:15:01,4101000,89.0
2016-05-30 20:20:01,4101300,84.0
2016-05-30 20:25:01,4101600,85.0
2016-05-30 20:30:01,4101900,86.0
2016-05-30 20:35:01,4102200,76.0
2016-05-30 20:40:01,4102500,67.0
2016-05-30 20:45:01,4102800,58.0
2016-05-30 20:50:01,4103100,51.0
2016-05-30 20:55:01,4103400,44.0
2016-05-30 21:00:01,4103700,36.0
2016-05-30 21:05:01,4104000,29.0
2016-05-30 21:10:01,4104300,23.0
2016-05-30 21:15:01,4104600,19.0
2016-05-30 21:20:01,4104900,16.0
2016-05-30 21:25:01,4105200,0.0
2016-05-30 21:30:01,4105500,0.0
2016-05-30 21:35:01,4105800,0.0
2016-05-30 21:40:01,4106100,0.0
2016-05-30 21:45:01,4106400,0.0
2016-05-30 21:50:01,4106700,0.0
2016-05-30 21:55:01,4107000,0.0
2016-05-30 22:00:01,4107300,0.0
2016-05-30 22:05:01,4107600,0.0
2016-05-30 22:10:01,4107900,0.0
2016-05-30 22:15:01,4108200,0.0
2016-05-30 22:20:01,4108500,0.0
2016-05-30 22:25:01,4108800,0.0
2016-05-30 22:30:01,4109100,0.0
2016-05-30 22:35:01,4109400,0.0
2016-05-30 22:40:01,4109700,0.0
2016-05-30 22:45:01,4110000,0.0
2016-05-30 22:50:01,4110300,0.0
2016-05-30 22:55:01,4110600,0.0
2016-05-30 23:00:01,4110900,0.0
2016-05-30 23:05:01,4111200,0.0
2016-05-30 23:10:01,4111500,0.0
2016-05-30 23:15:01,4111800,0.0
2016-05-30 23:20:01,4112100,0.0
2016-05-30 23:25:01,4112400,0.0
2016-05-30 23:30:01,4112700,0.0
2016-05-30 23:35:01,4113000,0.0
2016-05-30 23:40:01,4113300,0.0
2016-05-30 23:45:01,4113600,0.0
2016-05-30 23:50:01,4113900,0.0
2016-05-30 23:55:01,4114200,0.0
2016-05-31 00:00:01,4114500,0.0
2016-05-31 00:05:01,4114800,0.0
2016-05-31 00:10:01,4115100,0.0
2016-05-31 00:15:01,4115400,0.0
2016-05-31 00:20:01,4115700,0.0
2016-05-31 00:25:01,4116000,0.0
2016-05-31 00:30:01,4116300,0.0
2016-05-31 00:35:01,4116600,0.0
2016-05-31 00:40:01,4116900,0.0
2016-05-31 00:45:01,4117200,0.0
2016-05-31 00:50:01,4117500,0.0
2016-05-31 00:55:01,4117800,0.0
2016-05-31 01:00:01,4118100,0.0
2016-05-31 01:05:01,4118400,0.0
2016-05-31 01:10:01,4118700,0.0
2016-05-31 01:15:01,4119000,0.0
2016-05-31 01:20:01,4119300,0.0
2016-05-31 01:25:01,4119600,0.0
2016-05-31 01:30:01,4119900,0.0
2016-05-31 01:35:01,4120200,0.0
2016-05-31 01:40:01,4120500,0.0
2016-05-31 01:45:01,4120800,0.0
2016-05-31 01:50:01,4121100,0.0
2016-05-31 01:55:01,4121400,0.0
2016-05-31 02:00:01,4121700,0.0
2016-05-31 02:05:01,4122000,0.0
2016-05-31 02:10:01,4122300,0.0
2016-05-31 02:15:01,4122600,0.0
2016-05-31 02:20:01,4122900,0.0
2016-05-31 02:25:01,4123200,0.0
2016-05-31 02:30:01,4123500,0.0
2016-05-31 02:35:01,4123800,0.0
2016-05-31 02:40:01,4124100,0.0
2016-05-31 02:45:01,4124400,0.0
2016-05-31 02:50:01,4124700,0.0
2016-05-31 02:55:01,4125000,0.0
2016-05-31 03:00:01,4125300,0.0
2016-05-31 03:05:01,4125600,0.0
2016-05-31 03:10:01,4125900,0.0
2016-05-31 03:15:01,4126200,0.0
2016-05-31 03:20:01,4126500,0.0
2016-05-31 03:25:01,4126800,0.0
2016-05-31 03:30:01,4127100,0.0
2016-05-31 03:35:01,4127400,0.0
2016-05-31 03:40:01,4127700,0.0
2016-05-31 03:45:01,4128000,0.0
2016-05-31 03:50:01,4128300,0.0
2016-05-31 03:55:01,4128600,0.0
2016-05-31 04:00:01,4128900,0.0
2016-05-31 04:05:01,4129200,0.0
2016-05-31 04:10:01,4129500,0.0
2016-05-31 04:15:01,4129800,0.0
2016-05-31 04:20:01,4130100,0.0
2016-05-31 04:25:01,4130400,0.0
2016-05-31 04:30:01,4130700,0.0
2016-05-31 04:35:01,4131000,0.0
2016-05-31 04:40:01,4131300,0.0
2016-05-31 04:45:01,4131600,0.0
2016-05-31 04:50:01,4131900,0.0
2016-05-31 04:55:01,4132200,0.0
2016-05-31 05:00:01,4132500,0.0
2016-05-31 05:05:01,4132800,0.0
2016-05-31 05:10:01,4133100,0.0
2016-05-31 05:15:01,4133400,0.0
2016-05-31 05:20:01,4133700,0.0
2016-05-31 05:25:01,4134000,0.0
2016-05-31 05:30:01,4134300,0.0
2016-05-31 05:35:01,4134600,0.0
2016-05-31 05:40:01,4134900,0.0
2016-05-31 05:45:01,4135200,0.0
2016-05-31 05:50:01,4135500,0.0
2016-05-31 05:55:01,4135800,0.0
2016-05-31 06:00:01,4136100,0.0
2016-05-31 06:05:01,4136400,0.0
2016-05-31 06:10:01,4136700,0.0
2016-05-31 06:15:01,4137000,0.0
2016-05-31 06:20:01,4137300,0.0
2016-05-31 06:25:01,4137600,0.0
2016-05-31 06:30:01,4137900,0.0
2016-05-31 06:35:01,4138200,0.0
2016-05-31 06:40:01,4138500,0.0
2016-05-31 06:45:01,4138800,0.0
2016-05-31 06:50:01,4139100,0.0
2016-05-31 06:55:01,4139400,0.0
2016-05-31 07:00:01,4139700,0.0
2016-05-31 07:05:01,4140000,0.0
2016-05-31 07:10:01,4140300,0.0
2016-05-31 07:15:01,4140600,0.0
2016-05-31 07:20:01,4140900,0.0
2016-05-31 07:25:01,4141200,0.0
2016-05-31 07:30:01,4141500,0.0
2016-05-31 07:35:01,4141800,0.0
2016-05-31 07:40:01,4142100,0.0
2016-05-31 07:45:01,4142400,0.0
2016-05-31 07:50:01,4142700,0.0
2016-05-31 07:55:01,4143000,0.0
2016-05-31 08:00:01,4143300,0.0
2016-05-31 08:05:01,4143600,0.0
2016-05-31 08:10:01,4143900,0.0
2016-05-31 08:15:01,4144200,0.0
2016-05-31 08:20:01,4144500,0.0
2016-05-31 08:25:01,4144800,0.0
2016-05-31 08:30:01,4145100,0.0
2016-05-31 08:35:01,4145400,0.0
2016-05-31 08:40:01,4145700,0.0
2016-05-31 08:45:01,4146000,148.0
2016-05-31 08:50:01,4146300,158.0
2016-05-31 08:55:01,4146600,194.0
2016-05-31 09:00:01,4146900,171.0
2016-05-31 09:05:01,4147200,178.0
2016-05-31 09:10:01,4147500,0.0
2016-05-31 09:15:01,4147800,220.0
2016-05-31 09:20:01,4148100,221.0
2016-05-31 09:25:01,4148400,230.0
2016-05-31 09:30:01,4148700,236.0
2016-05-31 09:35:01,4149000,268.0
2016-05-31 09:40:01,4149300,297.0
2016-05-31 09:45:01,4149600,378.0
2016-05-31 09:50:01,4149900,427.0
2016-05-31 09:55:01,4150200,408.0
2016-05-31 10:00:01,4150500,469.0
2016-05-31 10:05:01,4150800,465.0
2016-05-31 10:10:02,4151100,441.0
2016-05-31 10:15:01,4151400,469.0
2016-05-31 10:20:01,4151700,405.0
2016-05-31 10:25:01,4152000,518.0
2016-05-31 10:30:01,4152300,607.0
2016-05-31 10:35:01,4152600,618.0
2016-05-31 10:40:01,4152900,615.0
2016-05-31 10:45:01,4153200,570.0
2016-05-31 10:50:01,4153500,681.0
2016-05-31 10:55:01,4153800,751.0
2016-05-31 11:00:01,4154100,557.0
2016-05-31 11:05:01,4154400,550.0
2016-05-31 11:10:01,4154700,574.0
2016-05-31 11:15:01,4155000,784.0
2016-05-31 11:20:01,4155300,624.0
2016-05-31 11:25:01,4155600,723.0
2016-05-31 11:30:01,4155900,612.0
2016-05-31 11:35:01,4156200,563.0
2016-05-31 11:40:01,4156500,476.0
2016-05-31 11:45:01,4156800,613.0
2016-05-31 11:50:01,4157100,750.0
2016-05-31 11:55:01,4157400,681.0
2016-05-31 12:00:01,4157700,678.0
2016-05-31 12:05:01,4158000,807.0
2016-05-31 12:10:01,4158300,830.0
2016-05-31 12:15:01,4158600,852.0
2016-05-31 12:20:01,4158900,857.0
2016-05-31 12:25:01,4159200,822.0
2016-05-31 12:30:01,4159500,825.0
2016-05-31 12:35:01,4159800,868.0
2016-05-31 12:40:01,4160100,886.0
2016-05-31 12:45:01,4160400,852.0
2016-05-31 12:50:01,4160700,818.0
2016-05-31 12:55:01,4161000,806.0
2016-05-31 13:00:01,4161300,947.0
2016-05-31 13:05:01,4161600,877.0
2016-05-31 13:10:01,4161900,1075.0
2016-05-31 13:15:01,4162200,1087.0
2016-05-31 13:20:01,4162500,1102.0
2016-05-31 13:25:01,4162800,1135.0
2016-05-31 13:30:01,4163100,313.0
2016-05-31 13:35:01,4163400,948.0
2016-05-31 13:40:01,4163700,1117.0
2016-05-31 13:45:01,4164000,999.0
2016-05-31 13:50:01,4164300,1051.0
2016-05-31 13:55:01,4164600,1070.0
2016-05-31 14:00:01,4164900,1036.0
2016-05-31 14:05:01,4165200,824.0
2016-05-31 14:10:01,4165500,742.0
2016-05-31 14:15:01,4165800,1073.0
2016-05-31 14:20:01,4166100,876.0
2016-05-31 14:25:01,4166400,1177.0
2016-05-31 14:30:01,4166700,1122.0
2016-05-31 14:35:01,4167000,1132.0
2016-05-31 14:40:01,4167300,1041.0
2016-05-31 14:45:01,4167600,836.0
2016-05-31 14:50:01,4167900,984.0
2016-05-31 14:55:01,4168200,962.0
2016-05-31 15:00:01,4168500,1092.0
2016-05-31 15:05:01,4168800,445.0
2016-05-31 15:10:01,4169100,1051.0
2016-05-31 15:15:01,4169400,1030.0
2016-05-31 15:20:01,4169700,950.0
2016-05-31 15:25:01,4170000,1027.0
2016-05-31 15:30:01,4170300,1026.0
2016-05-31 15:35:01,4170600,1030.0
2016-05-31 15:40:01,4170900,1031.0
2016-05-31 15:45:01,4171200,1015.0
2016-05-31 15:50:01,4171500,1010.0
2016-05-31 15:55:01,4171800,989.0
2016-05-31 16:00:01,4172100,980.0
2016-05-31 16:05:01,4172400,1009.0
2016-05-31 16:10:01,4172700,1013.0
2016-05-31 16:15:01,4173000,1063.0
2016-05-31 16:20:01,4173300,574.0
2016-05-31 16:25:01,4173600,699.0
2016-05-31 16:30:01,4173900,1006.0
2016-05-31 16:35:01,4174200,1000.0
2016-05-31 16:40:01,4174500,856.0
2016-05-31 16:45:01,4174800,643.0
2016-05-31 16:50:01,4175100,734.0
2016-05-31 16:55:01,4175400,817.0
2016-05-31 17:00:01,4175700,844.0
2016-05-31 17:05:01,4176000,853.0
2016-05-31 17:10:01,4176300,793.0
2016-05-31 17:15:01,4176600,675.0
2016-05-31 17:20:01,4176900,746.0
2016-05-31 17:25:01,4177200,568.0
2016-05-31 17:30:01,4177500,758.0
2016-05-31 17:35:01,4177800,714.0
2016-05-31 17:40:01,4178100,716.0
2016-05-31 17:45:01,4178400,550.0
2016-05-31 17:50:01,4178700,584.0
2016-05-31 17:55:01,4179000,680.0
2016-05-31 18:00:01,4179300,686.0
2016-05-31 18:05:01,4179600,453.0
2016-05-31 18:10:01,4179900,301.0
2016-05-31 18:15:01,4180200,229.0
2016-05-31 18:20:01,4180500,225.0
2016-05-31 18:25:01,4180800,268.0
2016-05-31 18:30:01,4181100,231.0
2016-05-31 18:35:01,4181400,224.0
2016-05-31 18:40:01,4181700,204.0
2016-05-31 18:45:01,4182000,183.0
2016-05-31 18:50:01,4182300,220.0
2016-05-31 18:55:01,4182600,217.0
2016-05-31 19:00:01,4182900,212.0
2016-05-31 19:05:01,4183200,258.0
2016-05-31 19:10:01,4183500,141.0
2016-05-31 19:15:01,4183800,151.0
2016-05-31 19:20:01,4184100,152.0
2016-05-31 19:25:01,4184400,163.0
2016-05-31 19:30:01,4184700,173.0
2016-05-31 19:35:01,4185000,161.0
2016-05-31 19:40:01,4185300,110.0
2016-05-31 19:45:01,4185600,121.0
2016-05-31 19:50:01,4185900,77.0
2016-05-31 19:55:01,4186200,91.0
2016-05-31 20:00:01,4186500,73.0
2016-05-31 20:05:01,4186800,51.0
2016-05-31 20:10:01,4187100,65.0
2016-05-31 20:15:01,4187400,54.0
2016-05-31 20:20:01,4187700,53.0
2016-05-31 20:25:01,4188000,51.0
2016-05-31 20:30:01,4188300,50.0
2016-05-31 20:35:01,4188600,29.0
2016-05-31 20:40:01,4188900,20.0
2016-05-31 20:45:01,4189200,21.0
2016-05-31 20:50:01,4189500,0.0
2016-05-31 20:55:01,4189800,0.0
2016-05-31 21:00:01,4190100,0.0
2016-05-31 21:05:01,4190400,0.0
2016-05-31 21:10:01,4190700,0.0
2016-05-31 21:15:01,4191000,0.0
2016-05-31 21:20:01,4191300,0.0
2016-05-31 21:25:01,4191600,0.0
2016-05-31 21:30:01,4191900,0.0
2016-05-31 21:35:01,4192200,0.0
2016-05-31 21:40:01,4192500,0.0
2016-05-31 21:45:01,4192800,0.0
2016-05-31 21:50:01,4193100,0.0
2016-05-31 21:55:01,4193400,0.0
2016-05-31 22:00:01,4193700,0.0
2016-05-31 22:05:01,4194000,0.0
2016-05-31 22:10:01,4194300,0.0
2016-05-31 22:15:01,4194600,0.0
2016-05-31 22:20:01,4194900,0.0
2016-05-31 22:25:01,4195200,0.0
2016-05-31 22:30:01,4195500,0.0
2016-05-31 22:35:01,4195800,0.0
2016-05-31 22:40:01,4196100,0.0
2016-05-31 22:45:01,4196400,0.0
2016-05-31 22:50:01,4196700,0.0
2016-05-31 22:55:01,4197000,0.0
2016-05-31 23:00:01,4197300,0.0
2016-05-31 23:05:01,4197600,0.0
2016-05-31 23:10:01,4197900,0.0
2016-05-31 23:15:01,4198200,0.0
2016-05-31 23:20:01,4198500,0.0
2016-05-31 23:25:01,4198800,0.0
2016-05-31 23:30:01,4199100,0.0
2016-05-31 23:35:01,4199400,0.0
2016-05-31 23:40:01,4199700,0.0
2016-05-31 23:45:01,4200000,0.0
2016-05-31 23:50:01,4200300,0.0
2016-05-31 23:55:01,4200600,0.0
2016-06-01 00:00:01,4200900,0.0
2016-06-01 00:05:01,4201200,0.0
2016-06-01 00:10:01,4201500,0.0
2016-06-01 00:15:01,4201800,0.0
2016-06-01 00:20:01,4202100,0.0
2016-06-01 00:25:01,4202400,0.0
2016-06-01 00:30:01,4202700,0.0
2016-06-01 00:35:01,4203000,0.0
2016-06-01 00:40:01,4203300,0.0
2016-06-01 00:45:01,4203600,0.0
2016-06-01 00:50:01,4203900,0.0
2016-06-01 00:55:01,4204200,0.0
2016-06-01 01:00:01,4204500,0.0
2016-06-01 01:05:01,4204800,0.0
2016-06-01 01:10:01,4205100,0.0
2016-06-01 01:15:01,4205400,0.0
2016-06-01 01:20:01,4205700,0.0
2016-06-01 01:25:01,4206000,0.0
2016-06-01 01:30:01,4206300,0.0
2016-06-01 01:35:01,4206600,0.0
2016-06-01 01:40:01,4206900,0.0
2016-06-01 01:45:01,4207200,0.0
2016-06-01 01:50:01,4207500,0.0
2016-06-01 01:55:01,4207800,0.0
2016-06-01 02:00:01,4208100,0.0
2016-06-01 02:05:01,4208400,0.0
2016-06-01 02:10:01,4208700,0.0
2016-06-01 02:15:01,4209000,0.0
2016-06-01 02:20:01,4209300,0.0
2016-06-01 02:25:01,4209600,0.0
2016-06-01 02:30:01,4209900,0.0
2016-06-01 02:35:01,4210200,0.0
2016-06-01 02:40:01,4210500,0.0
2016-06-01 02:45:01,4210800,0.0
2016-06-01 02:50:01,4211100,0.0
2016-06-01 02:55:01,4211400,0.0
2016-06-01 03:00:01,4211700,0.0
2016-06-01 03:05:01,4212000,0.0
2016-06-01 03:10:01,4212300,0.0
2016-06-01 03:15:01,4212600,0.0
2016-06-01 03:20:01,4212900,0.0
2016-06-01 03:25:01,4213200,0.0
2016-06-01 03:30:01,4213500,0.0
2016-06-01 03:35:01,4213800,0.0
2016-06-01 03:40:01,4214100,0.0
2016-06-01 03:45:01,4214400,0.0
2016-06-01 03:50:01,4214700,0.0
2016-06-01 03:55:01,4215000,0.0
2016-06-01 04:00:01,4215300,0.0
2016-06-01 04:05:01,4215600,0.0
2016-06-01 04:10:01,4215900,0.0
2016-06-01 04:15:01,4216200,0.0
2016-06-01 04:20:01,4216500,0.0
2016-06-01 04:25:01,4216800,0.0
2016-06-01 04:30:01,4217100,0.0
2016-06-01 04:35:01,4217400,0.0
2016-06-01 04:40:01,4217700,0.0
2016-06-01 04:45:01,4218000,0.0
2016-06-01 04:50:01,4218300,0.0
2016-06-01 04:55:01,4218600,0.0
2016-06-01 05:00:01,4218900,0.0
2016-06-01 05:05:01,4219200,0.0
2016-06-01 05:10:01,4219500,0.0
2016-06-01 05:15:01,4219800,0.0
2016-06-01 05:20:01,4220100,0.0
2016-06-01 05:25:01,4220400,0.0
2016-06-01 05:30:01,4220700,0.0
2016-06-01 05:35:01,4221000,0.0
2016-06-01 05:40:01,4221300,0.0
2016-06-01 05:45:01,4221600,0.0
2016-06-01 05:50:01,4221900,0.0
2016-06-01 05:55:01,4222200,0.0
2016-06-01 06:00:01,4222500,0.0
2016-06-01 06:05:01,4222800,0.0
2016-06-01 06:10:01,4223100,0.0
2016-06-01 06:15:01,4223400,0.0
2016-06-01 06:20:01,4223700,0.0
2016-06-01 06:25:01,4224000,0.0
2016-06-01 06:30:01,4224300,0.0
2016-06-01 06:35:01,4224600,0.0
2016-06-01 06:40:01,4224900,0.0
2016-06-01 06:45:01,4225200,0.0
2016-06-01 06:50:01,4225500,0.0
2016-06-01 06:55:01,4225800,0.0
2016-06-01 07:00:01,4226100,18.0
2016-06-01 07:05:01,4226400,27.0
2016-06-01 07:10:01,4226700,24.0
2016-06-01 07:15:01,4227000,19.0
2016-06-01 07:20:01,4227300,30.0
2016-06-01 07:25:01,4227600,28.0
2016-06-01 07:30:01,4227900,38.0
2016-06-01 07:35:01,4228200,35.0
2016-06-01 07:40:01,4228500,35.0
2016-06-01 07:45:01,4228800,28.0
2016-06-01 07:50:01,4229100,35.0
2016-06-01 07:55:01,4229400,34.0
2016-06-01 08:00:01,4229700,41.0
2016-06-01 08:05:01,4230000,43.0
2016-06-01 08:10:01,4230300,44.0
2016-06-01 08:15:01,4230600,42.0
2016-06-01 08:20:01,4230900,71.0
2016-06-01 08:25:01,4231200,88.0
2016-06-01 08:30:01,4231500,89.0
2016-06-01 08:35:01,4231800,98.0
2016-06-01 08:40:01,4232100,138.0
2016-06-01 08:45:01,4232400,82.0
